system,basis,atom,dE_dx,dE_dy,dE_dz
water,cc-pvdz,0,7.777673127769644e-16,2.9090173681551336e-08,-0.025789676336900436
water,cc-pvdz,1,-1.5280603223425814e-16,-0.011707277173739539,0.012894811832539802
water,cc-pvdz,2,-6.200332428552956e-16,0.011707248083568555,0.012894864504360778
water,cc-pvtz,0,7.151379267113387e-16,-1.482323128422102e-07,-0.014682569056535533
water,cc-pvtz,1,3.9595494474872093e-16,-0.008441603610016777,0.007341253480546822
water,cc-pvtz,2,-2.8631604379262354e-16,0.008441751842326215,0.007341315575986363
water,cc-pvqz,0,2.7895103575547077e-15,1.9160328707697873e-07,-0.012970459243341836
water,cc-pvqz,1,7.912779669095679e-16,-0.008169038007258406,0.00648525657335134
water,cc-pvqz,2,-1.2778795922594367e-16,0.008168846403971357,0.006485202669994844
ethanol,cc-pvdz,0,0.010261586855104456,-0.016709921439186193,-1.3008121401567059e-05
ethanol,cc-pvdz,1,0.014180121650456956,0.01829884109111539,1.0599227593526785e-05
ethanol,cc-pvdz,2,0.0012171957390468766,0.008985196851004407,-1.1552059723218238e-05
ethanol,cc-pvdz,3,0.005111557586901776,-0.0011324260938163824,5.348404944995971e-07
ethanol,cc-pvdz,4,-0.008787846671134126,0.00257107064217626,-2.812543302230059e-06
ethanol,cc-pvdz,5,-0.004275338376391933,0.008313834634920497,-0.010204148808478228
ethanol,cc-pvdz,6,-0.0042685926257528565,0.008323889502244605,0.010227878924587147
ethanol,cc-pvdz,7,-0.006733965267333561,-0.014331735175407501,-0.014801149102015812
ethanol,cc-pvdz,8,-0.006704718890894477,-0.01431875001304515,0.01479365764224301
ethanol,cc-pvtz,0,0.007569286449448072,-0.0129612684863708,1.572698498371249e-05
ethanol,cc-pvtz,1,0.008896703396212229,0.010492478729159121,4.301088218806235e-06
ethanol,cc-pvtz,2,0.007091742493586531,0.0029881251066046777,7.427445462839229e-06
ethanol,cc-pvtz,3,0.0019047419870781073,0.0037146163785279386,3.2663998138825365e-07
ethanol,cc-pvtz,4,-0.00345410654743555,0.006008691065317139,9.019677368483406e-07
ethanol,cc-pvtz,5,-0.005002647009621154,0.004098836680716414,-0.004721869425114654
ethanol,cc-pvtz,6,-0.004991587586749549,0.004087992773453949,0.0047057488576602805
ethanol,cc-pvtz,7,-0.005995261172529955,-0.00922524645945091,-0.008766059583496895
ethanol,cc-pvtz,8,-0.0060188720099925265,-0.009204225787982644,0.008753496024576448
ethanol,cc-pvqz,0,0.0077023016604700345,-0.013025399317604158,5.054331373919538e-15
ethanol,cc-pvqz,1,0.007693554914081524,0.010499138651145046,-1.0369806057350634e-14
ethanol,cc-pvqz,2,0.007754934574615291,0.0013537061715904741,1.0574644751535964e-15
ethanol,cc-pvqz,3,0.0016270382263949834,0.00466257680098936,-1.347545229368347e-15
ethanol,cc-pvqz,4,-0.003168447725507395,0.006129639979289725,-2.7943489723201043e-16
ethanol,cc-pvqz,5,-0.0051401955155965795,0.004021528107510441,-0.004453569243842104
ethanol,cc-pvqz,6,-0.005140195515590751,0.004021528107508443,0.004453569243839883
ethanol,cc-pvqz,7,-0.005695670499917781,-0.008842997126302432,-0.00840635720427474
ethanol,cc-pvqz,8,-0.0056956704999173505,-0.008842997126298657,0.00840635720426719
ethanol,cc-pv5z,0,0.007725277564859745,-0.012989573825756828,1.2965022648735755e-14
ethanol,cc-pv5z,1,0.006411788442626909,0.010148376607446608,-1.851811472569549e-14
ethanol,cc-pv5z,2,0.008331808016956543,0.0011209431885950139,-7.855521854821654e-15
ethanol,cc-pv5z,3,0.0018026785633504794,0.004869824066638051,1.4851902101633565e-15
ethanol,cc-pv5z,4,-0.0031514863242594338,0.006121423867421316,-2.4400493087826993e-16
ethanol,cc-pv5z,5,-0.005180138554661817,0.0040512279576105925,-0.004472887006443882
ethanol,cc-pv5z,6,-0.005180138554668312,0.004051227957590164,0.004472887006473858
ethanol,cc-pv5z,7,-0.005412396357836899,-0.008698592170211183,-0.008392846265625753
ethanol,cc-pv5z,8,-0.0054123963578379605,-0.0086985921702325,0.008392846265625975
alanine_dipeptide,cc-pvdz,0,-0.0063721298118064595,-0.000924177037041396,0.0023027843108973656
alanine_dipeptide,cc-pvdz,1,0.002750335695949957,-0.0003898086490226049,0.004091925632756954
alanine_dipeptide,cc-pvdz,2,0.00016456993547286913,0.0014789851795440345,-0.012770863870153804
alanine_dipeptide,cc-pvdz,3,-0.004895995761934557,-0.0017853725596794767,-0.014811096019036185
alanine_dipeptide,cc-pvdz,4,-0.002493802614981111,0.009658977137984248,0.01620423476238564
alanine_dipeptide,cc-pvdz,5,-0.0014742596152936827,0.0009765509944035244,-0.002490398610559774
alanine_dipeptide,cc-pvdz,6,0.0007905121922742175,-0.017952168652417888,-0.009116857152580371
alanine_dipeptide,cc-pvdz,7,-0.0031054576259599287,0.007838249299338074,0.004161109392172957
alanine_dipeptide,cc-pvdz,8,0.006532409129172745,0.017362988330623885,0.0043710461678365675
alanine_dipeptide,cc-pvdz,9,0.0071021210729540485,-0.0014405222256694827,-0.0030702143622978184
alanine_dipeptide,cc-pvdz,10,-0.0036675974905592823,-0.0013921438837012357,0.009596827788151963
alanine_dipeptide,cc-pvdz,11,0.009113085886136574,0.0032556242054081475,0.001957362403819829
alanine_dipeptide,cc-pvdz,12,0.005857040792324408,-0.0061143752417294195,-0.0026086977645771864
alanine_dipeptide,cc-pvdz,13,-0.0017149724067671013,0.00024416303902810577,0.007100812960691538
alanine_dipeptide,cc-pvdz,14,0.005856051959308606,-0.006352368901315519,-0.006081894552980582
alanine_dipeptide,cc-pvdz,15,0.007762033489045361,-0.0020048603283020494,-0.0025946096877361713
alanine_dipeptide,cc-pvdz,16,-0.003073840931357541,0.0031488143135796065,0.007550329316937665
alanine_dipeptide,cc-pvdz,17,-0.005548999470937677,0.003356871230367542,-0.004423652403305223
alanine_dipeptide,cc-pvdz,18,0.00527371536149035,-0.004099131717993476,0.0021696473391464854
alanine_dipeptide,cc-pvdz,19,-0.011676254862014401,-0.0033408809901548375,-0.00869370140614456
alanine_dipeptide,cc-pvdz,20,-0.004182370460235507,0.006276139352307086,0.0022874421458201066
alanine_dipeptide,cc-pvdz,21,-0.0029533933632552856,-0.0077943310657961895,0.004889936739523426
alanine_dipeptide,cc-pvtz,0,-0.0033989586994431775,-0.0026761596476445604,0.0044384454254142724
alanine_dipeptide,cc-pvtz,1,0.0015530242636385694,0.0010412562626624933,0.0014035354817556467
alanine_dipeptide,cc-pvtz,2,-0.0024655245082847443,0.0007302429672451094,-0.005113605560245205
alanine_dipeptide,cc-pvtz,3,-0.001543479954058652,-0.0014205607372290707,-0.011868598578250733
alanine_dipeptide,cc-pvtz,4,-0.001917297347439506,0.008156120732165206,0.011758415802617606
alanine_dipeptide,cc-pvtz,5,-0.00033569597342930635,0.005767580839291853,-0.002247376489803443
alanine_dipeptide,cc-pvtz,6,-0.0039416113520215346,-0.016078795369062204,-0.009264917736188372
alanine_dipeptide,cc-pvtz,7,0.002729405600801371,0.0017152250809004954,0.005431461212671351
alanine_dipeptide,cc-pvtz,8,0.009727419317163477,0.017012378341209278,0.0017331700124842975
alanine_dipeptide,cc-pvtz,9,0.0015296446859665025,-0.0028959571149131946,-0.0030831231940002812
alanine_dipeptide,cc-pvtz,10,-5.951529930370292e-05,-0.0005447368101286765,0.0044116721725302455
alanine_dipeptide,cc-pvtz,11,0.003870092804859837,-0.00034127288992202853,0.0002600654180981987
alanine_dipeptide,cc-pvtz,12,0.0034832784670506545,-0.0003624347936810324,-0.0008976687784634854
alanine_dipeptide,cc-pvtz,13,0.00018921372320052088,-0.0007514644732520004,0.0014763155450121523
alanine_dipeptide,cc-pvtz,14,0.00396026988142445,-0.0037823689109607317,-0.0004605028844535397
alanine_dipeptide,cc-pvtz,15,0.0016286924721451435,-0.0028746568090107782,-0.0013335191728187645
alanine_dipeptide,cc-pvtz,16,-0.0017934204399608633,0.0004112973779191176,0.001825584881269382
alanine_dipeptide,cc-pvtz,17,-0.0019879932876980533,6.291440301309237e-05,-0.00017986899613808838
alanine_dipeptide,cc-pvtz,18,0.0008101627419716539,-9.204301814325078e-05,0.0030622368311045978
alanine_dipeptide,cc-pvtz,19,-0.008934077274464158,-0.0020505630498990346,-0.002490145795687626
alanine_dipeptide,cc-pvtz,20,-0.000504677973354628,0.0013440341734186623,-0.0003044527351976356
alanine_dipeptide,cc-pvtz,21,-0.002571380103748022,-0.002327755487007366,0.0015040367699095114
alanine_dipeptide,cc-pvqz,0,-0.003189582594259832,-0.0027894220874777886,0.004377935209790351
alanine_dipeptide,cc-pvqz,1,0.0014976750433817188,0.0012471306299008944,0.0009261722410709439
alanine_dipeptide,cc-pvqz,2,-0.0031264151084204883,0.0006035620558413335,-0.0037240857672298233
alanine_dipeptide,cc-pvqz,3,-0.0011184884704316111,-0.001137992516367925,-0.01229874173434986
alanine_dipeptide,cc-pvqz,4,-0.0015868990653858939,0.008133723402401927,0.011936377322716574
alanine_dipeptide,cc-pvqz,5,-0.00021182915805173508,0.005942999192122045,-0.0022137036722580383
alanine_dipeptide,cc-pvqz,6,-0.0049610059943250295,-0.015561705420408134,-0.009355667159671677
alanine_dipeptide,cc-pvqz,7,0.003986291638698347,0.00028829201747271327,0.0056848387840569
alanine_dipeptide,cc-pvqz,8,0.00946808035635005,0.017234732469779246,0.00128744666834546
alanine_dipeptide,cc-pvqz,9,0.0014743005713100388,-0.002886960404724803,-0.0031266984792714947
alanine_dipeptide,cc-pvqz,10,0.00014778602474851965,-0.0004424852661598644,0.004054103093102057
alanine_dipeptide,cc-pvqz,11,0.0035874587223663212,-0.0004872782123317432,0.00017991918820592367
alanine_dipeptide,cc-pvqz,12,0.003369857337866655,-0.00013145179991891354,-0.0007560293479365598
alanine_dipeptide,cc-pvqz,13,0.0004185534516850664,-0.0008311838642925673,0.0011153565040626923
alanine_dipeptide,cc-pvqz,14,0.0036495549078546796,-0.003680724565380822,-0.00037239581701298263
alanine_dipeptide,cc-pvqz,15,0.0013040354463016435,-0.0028858069695947286,-0.0012285075860709593
alanine_dipeptide,cc-pvqz,16,-0.001739984926522567,0.000281752856972739,0.0015513582207953291
alanine_dipeptide,cc-pvqz,17,-0.0017196154548282383,-8.173732356109298e-05,-1.2833106071807876e-05
alanine_dipeptide,cc-pvqz,18,0.00048420728978504357,0.0001493955772984279,0.003152236930357738
alanine_dipeptide,cc-pvqz,19,-0.008727802101057724,-0.0019491130157469616,-0.00215475821817801
alanine_dipeptide,cc-pvqz,20,-0.00037559724266778005,0.0009734307294456679,-0.0003106962322414475
alanine_dipeptide,cc-pvqz,21,-0.00258293079606986,-0.0019873279181226167,0.0013141614293179504
