_source,_record,kind,system,basis,nao,src,xc,E,dE_vs_dftax_mha,max_grad,wall_s,path,M,steps,seed,E_grid5,grid_bias_mha,grid_converged,peak_gpu_mb,peak_train_mb,polished,vs,ckpt,mu_D,exp_mu_D,exp_kind,exp_conformer,d_exp_mD,exp_target_D,d_target_mD,homo,lumo,gap,T,rho_nuc,mad_occ_mha,dF_max,dF_vs,maxF,L1_rho,L1_floor,conv,mu_grid_vs_analytic,n_occ,n_grid,occ_mo,E_hf,E_ccsd,E_ccsd_t,L1_rho_vs_pbe,nelec,gate_L1_pbe,screen_pad,stage,gradtheta_rms,gradC_rms,dF_src,wf_kind,wf_basis,L1_rho_wf,dF_wf,L1_rho_self,dF_self,frac_cbs
exp2_observables,RESULT,gto_force,alanine_dipeptide,cc-pvdz,200,pyscf,pbe,-495.27798523,-0.04113735,0.01795217,58.00000000,experiments/exp2_observables/results/refgrad_alanine_dipeptide_cc-pvdz.npz,,,,,,,,,,,,,,,,,,,,,,,,,,,,,,,,,,,,,,,,,,,,,,,,,,,,
exp2_observables,RESULT,ckpt,alanine_dipeptide,,,,,-493.82723001,,,409,experiments/exp2_observables/results/ckpt_alanine_dipeptide_M200.eqx,200,6000,0,-493.82722609,-0.00391715,True,6585,402,True,,,,,,,,,,,,,,,,,,,,,,,,,,,,,,,,,,,,,,,,,,,
exp2_observables,RESULT,obs,alanine_dipeptide,,,,,-493.82722609,,,,,200,,,-493.82722609,0.00000000,True,,,,cc-pvqz,raw,1.89856828,nan,none,n/a,nan,nan,nan,-0.14029829,0.01556133,0.15585962,491.80204605,"112.0909,110.3439,281.1143,177.3009,111.6015,115.1968,102.3641,268.2385,174.8749,111.6945,0.4257,0.4210,0.4484,0.3733,0.4510,0.4607,0.4598,0.4436,0.4055,0.4636,0.4600,0.4662",24.60685007,nan,none,0.36858338,4.02409802,nan,,,,,,,,,,,,,,,,,,,,,,,
exp2_observables,RESULT,ckpt,alanine_dipeptide,,,,,-495.40770611,,,1090,experiments/exp2_observables/results/ckpt_alanine_dipeptide_M468.eqx,468,6000,0,-495.40770538,-0.00073438,True,15404,657,True,,,,,,,,,,,,,,,,,,,,,,,,,,,,,,,,,,,,,,,,,,,
exp2_observables,RESULT,obs,alanine_dipeptide,,,,,-495.40770538,,,,,468,,,-495.40770538,0.00000000,True,,,,cc-pvqz,raw,4.04740698,nan,none,n/a,nan,nan,nan,-0.21840143,-0.02192589,0.19647554,493.34182886,"118.8964,118.2283,286.8777,194.6643,118.4457,118.6569,118.0419,294.3739,189.0577,118.4597,0.4610,0.4541,0.4521,0.4507,0.4520,0.4483,0.4549,0.4464,0.4522,0.4634,0.4528,0.4631",2.05248123,nan,none,0.04797173,0.64516583,nan,,,,,,,,,,,,,,,,,,,,,,,
exp2_observables,RESULT,ckpt,alanine_dipeptide,,,,,-495.48371866,,,4826,experiments/exp2_observables/results/ckpt_alanine_dipeptide_M910.eqx,910,6000,0,-495.48370761,-0.01105586,True,29971,1416,True,,,,,,,,,,,,,,,,,,,,,,,,,,,,,,,,,,,,,,,,,,,
exp2_observables,RESULT,obs,alanine_dipeptide,,,,,-495.48370761,,,,,910,,,-495.48370761,0.00000000,True,,,,cc-pvqz,raw,4.10252442,nan,none,n/a,nan,nan,nan,-0.21387736,-0.03315727,0.18072009,493.47837202,"120.0764,123.3419,307.6332,199.6891,122.0057,122.0143,121.8368,305.5140,198.9431,123.0863,0.4623,0.4534,0.4530,0.4522,0.4574,0.4585,0.4593,0.4571,0.4483,0.4640,0.4592,0.4664",1.56965096,nan,none,0.04040929,0.29674798,nan,,,,,,,,,,,,,,,,,,,,,,,
exp2_observables,RESULT,gto,alanine_dipeptide,cc-pvdz,200,,,-495.27794359,,,101,,,,,,,,5802,,,,,3.92548782,,,,,,,-0.19634001,-0.01819815,0.17814186,492.26764676,"120.457139,120.478364,297.304150,195.398922,120.448309,120.439449,120.487078,297.311788,195.319769,120.382863,0.374706,0.367006,0.367371,0.372049,0.373683,0.371084,0.371946,0.369092,0.369465,0.375470,0.369319,0.376230",,,,nan,,,True,0.00007628,39,652780,"-18.73154157,-18.72734797,-14.03079837,-14.02523678,-9.98830388,-9.98551072,-9.94321378,-9.92983491,-9.90448773,-9.88701578,-0.94701518,-0.94134762,-0.85414152,-0.83586136,-0.71038125,-0.66073853,-0.64667134,-0.57614597,-0.53499380,-0.52234141,-0.48262988,-0.43349202,-0.42769791,-0.41064302,-0.40562139,-0.39716480,-0.37193674,-0.36870214,-0.35476431,-0.34667986,-0.34370369,-0.33417744,-0.31928708,-0.31725483,-0.30309259,-0.22800688,-0.21907739,-0.20429950,-0.19634001",,,,,,,,,,,,,,,,,,
exp2_observables,RESULT,gto,alanine_dipeptide,cc-pvtz,468,,,-495.43353549,,,185,,,,,,,,16551,,,,,4.06773275,,,,,,,-0.20743913,-0.03042935,0.17700978,492.26404390,"120.694240,120.703231,297.715979,195.570463,120.561894,120.697269,120.700410,297.727109,195.503699,120.674025,0.435212,0.428675,0.429158,0.426060,0.431537,0.432781,0.433977,0.430871,0.424498,0.438394,0.432171,0.437767",,,,nan,,,True,0.00008700,39,652780,"-18.72445486,-18.72028202,-14.02555185,-14.02003487,-9.98421875,-9.98263152,-9.94110129,-9.92080266,-9.89619872,-9.87834327,-0.95333310,-0.94775902,-0.86020005,-0.84164750,-0.71568268,-0.66535234,-0.65127902,-0.58105316,-0.54165310,-0.52899218,-0.48930846,-0.43961799,-0.43482108,-0.41775509,-0.41239130,-0.40380427,-0.37846710,-0.37557335,-0.36096353,-0.35567324,-0.35072897,-0.34141446,-0.32596976,-0.32440392,-0.31076397,-0.23843673,-0.22946207,-0.21576385,-0.20743913",,,,,,,,,,,,,,,,,,
exp2_observables,RESULT,gto,alanine_dipeptide,cc-pvqz,910,,,-495.47609927,,,377,,,,,,,,32015,,,,,4.12064612,,,,,,,-0.21065174,-0.03525287,0.17539887,493.32155798,"123.575129,123.675901,304.800023,200.282149,123.546540,123.567469,123.685409,304.818031,200.222734,123.539524,0.456871,0.448893,0.449280,0.446455,0.451674,0.453531,0.455036,0.451297,0.444782,0.459349,0.452607,0.459102",,,,nan,,,True,0.00008503,39,652780,"-18.72114979,-18.71694521,-14.02267536,-14.01735311,-9.98326022,-9.98184962,-9.93967957,-9.91900004,-9.89439706,-9.87665047,-0.95550388,-0.94998429,-0.86209978,-0.84346067,-0.71719764,-0.66663425,-0.65269835,-0.58253733,-0.54374857,-0.53110792,-0.49134440,-0.44147232,-0.43682244,-0.41983127,-0.41424286,-0.40563300,-0.38039065,-0.37749545,-0.36285592,-0.35805606,-0.35272121,-0.34353124,-0.32796743,-0.32647184,-0.31303461,-0.24146190,-0.23249696,-0.21905624,-0.21065174",,,,,,,,,,,,,,,,,,
exp2_observables,RESULT,ckpt,alanine_dipeptide,,,,,-466.85576934,,,755,experiments/exp2_observables/results/ckpt_alanine_dipeptide_M200.eqx,200,12000,0,-466.85579497,0.02563337,True,6585,1158,True,,,,,,,,,,,,,,,,,,,,,,,,,,,,,,,,,,,,,,,,,,,
exp2_observables,RESULT,obs,alanine_dipeptide,,,,,-466.85579497,,,,,200,,,-466.85579497,0.00000000,True,,,,cc-pvqz,raw,3.13230951,nan,none,n/a,nan,nan,nan,-0.09594227,-0.06044463,0.03549764,459.75492638,"63.3031,61.4678,205.3181,157.9916,95.2966,85.8785,66.6944,191.3216,55.0918,76.7890,0.4074,0.1206,0.1420,0.1891,0.2788,0.1090,0.2870,0.2002,0.1315,0.0932,0.1050,0.0997",247.33262048,nan,none,10.98947776,22.70780537,nan,,,,,,,,,,,,,,,,,,,,,,,
exp2_observables,RESULT,ckpt,alanine_dipeptide,,,,,-485.58788132,,,2100,experiments/exp2_observables/results/ckpt_alanine_dipeptide_M468.eqx,468,12000,0,-485.58789894,0.01762289,True,15404,657,True,,,,,,,,,,,,,,,,,,,,,,,,,,,,,,,,,,,,,,,,,,,
exp2_observables,RESULT,obs,alanine_dipeptide,,,,,-485.58789894,,,,,468,,,-485.58789894,0.00000000,True,,,,cc-pvqz,raw,2.89702904,nan,none,n/a,nan,nan,nan,-0.09437857,-0.01929712,0.07508145,474.34131529,"107.6047,93.4654,237.9028,171.6063,87.0402,110.0576,84.9146,255.5085,163.2348,86.5878,0.3822,0.3994,0.3607,0.3955,0.3228,0.4146,0.3308,0.3651,0.3291,0.3321,0.3652,0.3775",147.85024434,nan,none,19.95333415,11.01099070,nan,,,,,,,,,,,,,,,,,,,,,,,
exp2_observables,RESULT,gto,alanine_dipeptide,cc-pvdz,200,,,-495.27794410,,,1195,,,,,,,,80825,,,,,3.92549443,,,,,,,-0.19634008,-0.01819817,0.17814191,492.26764959,"120.457139,120.478364,297.304151,195.398922,120.448309,120.439449,120.487078,297.311789,195.319769,120.382863,0.374706,0.367006,0.367370,0.372049,0.373683,0.371084,0.371946,0.369092,0.369465,0.375470,0.369319,0.376230",,,,nan,,,True,0.00007628,39,652780,"-18.73154183,-18.72734819,-14.03079831,-14.02523670,-9.98830391,-9.98551067,-9.94321381,-9.92983495,-9.90448772,-9.88701584,-0.94701525,-0.94134769,-0.85414152,-0.83586135,-0.71038126,-0.66073854,-0.64667134,-0.57614598,-0.53499379,-0.52234139,-0.48262988,-0.43349202,-0.42769793,-0.41064303,-0.40562140,-0.39716481,-0.37193677,-0.36870218,-0.35476432,-0.34667992,-0.34370372,-0.33417748,-0.31928711,-0.31725486,-0.30309263,-0.22800691,-0.21907741,-0.20429959,-0.19634008",,,,,,,,,,,,,,,,,,
exp2_observables,RESULT,cc,ethanol,cc-pvdz,72,,,,,,11,,,,,,,,,,,,,1.58736034,,,,,,,,,,,,,0.01944389,,,,,,,,,,-154.08955638,-154.61525393,-154.62790763,0.23591529,25.99999769,0.00073968,,,,,,,,,,,,
exp2_observables,RESULT,cc,ethanol,cc-pvtz,174,,,,,,255,,,,,,,,,,,,,1.62864578,,,,,,,,,,,,,0.01404674,,,,,,,,,,-154.13998466,-154.81743145,-154.84025892,0.25287970,25.99999721,0.00161555,,,,,,,,,,,,
exp2_observables,RESULT,cc,water,cc-pvqz,115,reconstructed-from-npz,,,,,,,,,,,,,,,,,,1.90597127,,,,,,,,,,,,,0.00495409,,,,,,,,,,-76.06479169,-76.38183051,-76.39108283,,9.99999997,,,,,,,,,,,,,
exp2_observables,RESULT,cc,water,cc-pvtz,58,reconstructed-from-npz,,,,,,,,,,,,,,,,,,1.91593957,,,,,,,,,,,,,0.00257824,,,,,,,,,,-76.05712742,-76.33799354,-76.34576822,,10.00000000,,,,,,,,,,,,,
exp2_observables,RESULT,ckpt,alanine_dipeptide,,,,,-494.73032657,,,815,experiments/exp2_observables/results/ckpt_alanine_dipeptide_M200.eqx,200,12000,0,-494.73032354,-0.00303701,True,6585,402,True,,,,,,,,,,,,,,,,,,,,,,,,,,,,,,,,2.00000000,,,,,,,,,,,
exp2_observables,RESULT,ckpt,alanine_dipeptide,,,,,-495.46013022,,,2768,experiments/exp2_observables/results/ckpt_alanine_dipeptide_M468.eqx,468,12000,0,-495.46010940,-0.02081617,True,15405,657,True,,,,,,,,,,,,,,,,,,,,,,,,,,,,,,,,2.00000000,,,,,,,,,,,
exp2_observables,RESULT,ckpt,alanine_dipeptide,,,,,-495.49513594,,,12301,experiments/exp2_observables/results/ckpt_alanine_dipeptide_M910.eqx,910,12000,0,-495.49412201,-1.01393209,False,29971,1423,True,,,,,,,,,,,,,,,,,,,,,,,,,,,,,,,,2.00000000,,,,,,,,,,,
exp2_observables,RESULT,ckpt,ethanol,,,,,-154.92466466,,,3243,experiments/exp2_observables/results/ckpt_ethanol.eqx,432,12000,0,-154.92053988,-4.12478283,False,,,True,,,,,,,,,,,,,,,,,,,,,,,,,,,,,,,,,,,,,,,,,,,
exp2_observables,RESULT,ckpt,ethanol,,,,,-154.91366933,,,859,experiments/exp2_observables/results/ckpt_ethanol_M174.eqx,174,12000,0,-154.91330909,-0.36023293,False,2384,303,True,,,,,,,,,,,,,,,,,,,,,,,,,,,,,,,,2.00000000,,,,,,,,,,,
exp2_observables,RESULT,ckpt,ethanol,,,,,-154.92130207,,,3206,experiments/exp2_observables/results/ckpt_ethanol_M345.eqx,345,12000,0,-154.92064102,-0.66105261,False,4727,593,True,,,,,,,,,,,,,,,,,,,,,,,,,,,,,,,,2.00000000,,,,,,,,,,,
exp2_observables,RESULT,ckpt,ethanol,,,,,-154.66703732,,,376,experiments/exp2_observables/results/ckpt_ethanol_M72.eqx,72,12000,0,-154.66704252,0.00520314,True,988,245,True,,,,,,,,,,,,,,,,,,,,,,,,,,,,,,,,2.00000000,,,,,,,,,,,
exp2_observables,RESULT,ckpt,water,,,,,-76.39156725,,,786,experiments/exp2_observables/results/ckpt_water.eqx,192,12000,0,-76.39037844,-1.18880546,False,,,True,,,,,,,,,,,,,,,,,,,,,,,,,,,,,,,,,,,,,,,,,,,
exp2_observables,RESULT,ckpt,water,,,,,-76.38937719,,,507,experiments/exp2_observables/results/ckpt_water_M115.eqx,115,12000,0,-76.38937726,0.00007634,True,561,246,True,,,,,,,,,,,,,,,,,,,,,,,,,,,,,,,,2.00000000,,,,,,,,,,,
exp2_observables,RESULT,ckpt,water,,,,,-76.27858568,,,198,experiments/exp2_observables/results/ckpt_water_M24.eqx,24,12000,0,-76.27858559,-0.00008955,True,253,253,True,,,,,,,,,,,,,,,,,,,,,,,,,,,,,,,,2.00000000,,,,,,,,,,,
exp2_observables,RESULT,ckpt,water,,,,,-76.38596226,,,228,experiments/exp2_observables/results/ckpt_water_M58.eqx,58,12000,0,-76.38596224,-0.00002075,True,266,242,True,,,,,,,,,,,,,,,,,,,,,,,,,,,,,,,,2.00000000,,,,,,,,,,,
exp2_observables,RESULT,forces,alanine_dipeptide,,,,,,,,,,200,,,,,,,,,,,,,,,,,,,,,,,,0.35366464,cc-pvqz,,,,,,,,,,,,,,,,ckpt,0.00127983,4.69e-08,,,,,,,,
exp2_observables,RESULT,forces,alanine_dipeptide,,,,,,,,,,200,,,,,,,,,,,,,,,,,,,,,,,,0.38665681,cc-pvqz,,,,,,,,,,,,,,,,+2000@lr0.001,0.00004758,0.00005107,,,,,,,,
exp2_observables,RESULT,forces,alanine_dipeptide,,,,,,,,,,200,,,,,,,,,,,,,,,,,,,,,,,,0.35681400,cc-pvqz,,,,,,,,,,,,,,,,+4000@lr0.0003,0.00004642,0.00003286,,,,,,,,
exp2_observables,RESULT,forces,alanine_dipeptide,,,,,,,,,,200,,,,,,,,,,,,,,,,,,,,,,,,0.33859837,cc-pvqz,,,,,,,,,,,,,,,,+6000@lr0.0001,0.00008159,0.00003699,,,,,,,,
exp2_observables,RESULT,forces,alanine_dipeptide,,,,,-494.75182417,,,,,200,,,-494.75166216,-0.1,,,,,,,,,,,,,,,,,,,,0.33662923,cc-pvqz,,,,,,,,,,,,,,,,final,,,,,,,,,,
exp2_observables,RESULT,forces,alanine_dipeptide,,,,,,,,,,468,,,,,,,,,,,,,,,,,,,,,,,,0.06152417,cc-pvqz,,,,,,,,,,,,,,,,ckpt,0.00047714,7.90e-08,,,,,,,,
exp2_observables,RESULT,forces,alanine_dipeptide,,,,,,,,,,468,,,,,,,,,,,,,,,,,,,,,,,,0.03610507,cc-pvqz,,,,,,,,,,,,,,,,+2000@lr0.001,0.00001460,0.00002251,,,,,,,,
exp2_observables,RESULT,forces,alanine_dipeptide,,,,,,,,,,468,,,,,,,,,,,,,,,,,,,,,,,,0.03713784,cc-pvqz,,,,,,,,,,,,,,,,+4000@lr0.0003,0.00001194,0.00001310,,,,,,,,
exp2_observables,RESULT,forces,alanine_dipeptide,,,,,,,,,,468,,,,,,,,,,,,,,,,,,,,,,,,0.03721490,cc-pvqz,,,,,,,,,,,,,,,,+6000@lr0.0001,0.00001266,0.00001297,,,,,,,,
exp2_observables,RESULT,forces,alanine_dipeptide,,,,,-495.46919940,,,,,468,,,-495.46874421,-0.4,,,,,,,,,,,,,,,,,,,,0.03688893,cc-pvqz,,,,,,,,,,,,,,,,final,,,,,,,,,,
exp2_observables,RESULT,forces,alanine_dipeptide,,,,,,,,,,200,,,,,,,,,,,,,,,,,,,,,,,,0.35366464,cc-pvqz,,,,,,,,,,,,,,,,ckpt,0.00127983,4.69e-08,,,,,,,,
exp2_observables,RESULT,forces,alanine_dipeptide,,,,,,,,,,200,,,,,,,,,,,,,,,,,,,,,,,,0.38665681,cc-pvqz,,,,,,,,,,,,,,,,+2000@lr0.001,0.00004758,0.00005107,,,,,,,,
exp2_observables,RESULT,forces,alanine_dipeptide,,,,,,,,,,200,,,,,,,,,,,,,,,,,,,,,,,,0.35681400,cc-pvqz,,,,,,,,,,,,,,,,+4000@lr0.0003,0.00004642,0.00003286,,,,,,,,
exp2_observables,RESULT,forces,alanine_dipeptide,,,,,,,,,,200,,,,,,,,,,,,,,,,,,,,,,,,0.33859837,cc-pvqz,,,,,,,,,,,,,,,,+6000@lr0.0001,0.00008159,0.00003699,,,,,,,,
exp2_observables,RESULT,forces,alanine_dipeptide,,,,,-494.75182417,,,,,200,,,-494.75166216,-0.1,,,,,,,,,,,,,,,,,,,,0.33662923,cc-pvqz,,,,,,,,,,,,,,,,final,,,,,,,,,,
exp2_observables,RESULT,forces,alanine_dipeptide,,,,,,,,,,468,,,,,,,,,,,,,,,,,,,,,,,,0.06152417,cc-pvqz,,,,,,,,,,,,,,,,ckpt,0.00047714,7.90e-08,,,,,,,,
exp2_observables,RESULT,forces,alanine_dipeptide,,,,,,,,,,468,,,,,,,,,,,,,,,,,,,,,,,,0.03610507,cc-pvqz,,,,,,,,,,,,,,,,+2000@lr0.001,0.00001460,0.00002251,,,,,,,,
exp2_observables,RESULT,forces,alanine_dipeptide,,,,,,,,,,468,,,,,,,,,,,,,,,,,,,,,,,,0.03713784,cc-pvqz,,,,,,,,,,,,,,,,+4000@lr0.0003,0.00001194,0.00001310,,,,,,,,
exp2_observables,RESULT,forces,alanine_dipeptide,,,,,,,,,,468,,,,,,,,,,,,,,,,,,,,,,,,0.03721490,cc-pvqz,,,,,,,,,,,,,,,,+6000@lr0.0001,0.00001266,0.00001297,,,,,,,,
exp2_observables,RESULT,forces,alanine_dipeptide,,,,,-495.46919940,,,,,468,,,-495.46874421,-0.4,,,,,,,,,,,,,,,,,,,,0.03688893,cc-pvqz,,,,,,,,,,,,,,,,final,,,,,,,,,,
exp2_observables,RESULT,forces,alanine_dipeptide,,,,,,,,,,910,,,,,,,,,,,,,,,,,,,,,,,,0.01434436,cc-pvqz,,,,,,,,,,,,,,,,ckpt,0.00027429,1.71e-07,,,,,,,,
exp2_observables,RESULT,forces,alanine_dipeptide,,,,,,,,,,910,,,,,,,,,,,,,,,,,,,,,,,,0.00708958,cc-pvqz,,,,,,,,,,,,,,,,+2000@lr0.001,0.00000618,0.00000611,,,,,,,,
exp2_observables,RESULT,forces,alanine_dipeptide,,,,,,,,,,910,,,,,,,,,,,,,,,,,,,,,,,,0.00789827,cc-pvqz,,,,,,,,,,,,,,,,+4000@lr0.0003,0.00000342,0.00000530,,,,,,,,
exp2_observables,RESULT,forces,alanine_dipeptide,,,,,,,,,,910,,,,,,,,,,,,,,,,,,,,,,,,0.00841373,cc-pvqz,,,,,,,,,,,,,,,,+6000@lr0.0001,0.00000282,0.00000471,,,,,,,,
exp2_observables,RESULT,forces,alanine_dipeptide,,,,,-495.49657149,,,,,910,,,-495.49416009,-2.4,,,,,,,,,,,,,,,,,,,,0.00865028,cc-pvqz,,,,,,,,,,,,,,,,final,,,,,,,,,,
exp2_observables,RESULT,gto,ethanol,cc-pv5z,603,,,-154.91876279,,,213,,,,,,,,19322,,,,,1.57565662,,,,,,,-0.22538903,-0.01020983,0.21517919,154.32931906,"124.937597,124.952834,307.409825,0.456609,0.471679,0.478039,0.478039,0.494485,0.494485",,,,nan,,,True,0.00000450,13,272558,"-18.74546369,-9.92347493,-9.87218942,-0.93086297,-0.68112333,-0.54776095,-0.46437576,-0.42027837,-0.35887976,-0.34074146,-0.32337758,-0.29093286,-0.22538903",,,,,,,,,,,,,,,,,,
exp2_observables,RESULT,gto,ethanol,cc-pvdz,72,,,-154.83811121,,,1339,,,,,,,,,,,,,1.46186718,,,,,,,-0.20320278,0.03334587,0.23654864,153.96736098,"120.445884,120.411045,297.015997,0.365757,0.370019,0.373163,0.373163,0.390719,0.390719",,,,0.01829884,,,True,0.00000437,13,272558,"-18.74435658,-9.92757870,-9.88164411,-0.91620731,-0.67417507,-0.53995318,-0.45129854,-0.41061610,-0.34764508,-0.33115161,-0.31413450,-0.27406008,-0.20320278",,,,,,,,,,,,,,,,,,
exp2_observables,RESULT,gto,ethanol,cc-pvtz,174,,,-154.89869359,,,1456,,,,,,,,,,,,,1.52534957,,,,,,,-0.21808300,0.01115107,0.22923407,154.00500402,"120.696526,120.657705,297.501179,0.420317,0.430838,0.437029,0.437029,0.451556,0.451556",,,,0.01296127,,,True,0.00000411,13,272558,"-18.74184797,-9.92212606,-9.87205958,-0.92548264,-0.67880374,-0.54501492,-0.45971814,-0.41718007,-0.35520725,-0.33768020,-0.32055567,-0.28560224,-0.21808300",,,,,,,,,,,,,,,,,,
exp2_observables,RESULT,ckpt,water,,,,,-76.39022056,,,1404,experiments/exp2_observables/results/ckpt_water_M192.eqx,192,12000,0,-76.38907639,-1.14417808,False,879,561,True,,,,,,,,,,,,,,,,,,,,,,,,,,,,,,,,2.00000000,,,,,,,,,,,
exp2_observables,RESULT,ckpt,water,,,,,-76.38980958,,,1399,experiments/exp2_observables/results/ckpt_water_M192.eqx,192,12000,0,-76.38980810,-0.00147989,True,1379,561,True,,,,,,,,,,,,,,,,,,,,,,,,,,,,,,,,2.00000000,,,,,,,,,,,
exp2_observables,RESULT,gto_force,alanine_dipeptide,cc-pvtz,468,pyscf,pbe,-495.43334212,0.19336844,0.01701238,,experiments/exp2_observables/results/refgrad_alanine_dipeptide_cc-pvtz.npz,,,,,,,,,,,,,,,,,,,,,,,,,,,,,,,,,,,,,,,,,,,,,,,,,,,,
exp2_observables,RESULT,gto_force,alanine_dipeptide,cc-pvqz,910,pyscf,pbe,-495.47585071,0.24856721,0.01723473,,experiments/exp2_observables/results/refgrad_alanine_dipeptide_cc-pvqz.npz,,,,,,,,,,,,,,,,,,,,,,,,,,,,,,,,,,,,,,,,,,,,,,,,,,,,
exp2_observables,RESULT,ckpt,water,,,,,-76.32413413,,,148,experiments/exp2_observables/results/ckpt_water_M24.eqx,24,12000,0,-76.32413400,-0.00012745,True,111,74,True,,,,,,,,,,,,,,,,,,,,,,,,,,,,,,,,,,,,,,,,,,,
exp2_observables,RESULT,obs,water,,,,,-76.32413400,,,,,24,,,-76.32413400,0.00000000,True,,,,cc-pv5z,,1.76665203,1.85498000,mu_0,n/a,-88.32797411,1.85908000,-92.42797411,-0.25675472,0.35449969,0.61125441,76.09152459,"280.2413,0.2923,0.3915",10.17846166,nan,,0.13177392,0.22266647,0.05523718,,,,,,,,,,,,,,,,,,,,,,,
exp2_observables,RESULT,ckpt,water,,,,,-76.38569293,,,183,experiments/exp2_observables/results/ckpt_water_M58.eqx,58,12000,0,-76.38567674,-0.01618777,True,266,118,True,,,,,,,,,,,,,,,,,,,,,,,,,,,,,,,,,,,,,,,,,,,
exp2_observables,RESULT,obs,water,,,,,-76.38567674,,,,,58,,,-76.38567674,0.00000000,True,,,,cc-pv5z,,1.78629839,1.85498000,mu_0,n/a,-68.68161084,1.85908000,-72.78161084,-0.26879778,0.03395147,0.30274925,76.15749417,"307.4399,0.4474,0.4497",3.76278868,nan,,0.02088729,0.07390733,0.05523718,,,,,,,,,,,,,,,,,,,,,,,
exp2_observables,RESULT,ckpt,water,,,,,-76.38934515,,,350,experiments/exp2_observables/results/ckpt_water_M115.eqx,115,12000,0,-76.38934477,-0.00038584,True,561,203,True,,,,,,,,,,,,,,,,,,,,,,,,,,,,,,,,,,,,,,,,,,,
exp2_observables,RESULT,obs,water,,,,,-76.38934477,,,,,115,,,-76.38934477,0.00000000,True,,,,cc-pv5z,,1.78873420,1.85498000,mu_0,n/a,-66.24579552,1.85908000,-70.34579552,-0.26743288,-0.00934532,0.25808756,76.16105007,"309.8412,0.4569,0.4529",3.17153219,nan,,0.01700619,0.03231738,0.05523718,,,,,,,,,,,,,,,,,,,,,,,
exp2_observables,RESULT,ckpt,ethanol,,,,,-154.66466798,,,308,experiments/exp2_observables/results/ckpt_ethanol_M72.eqx,72,12000,0,-154.66468967,0.02168625,True,988,153,True,,,,,,,,,,,,,,,,,,,,,,,,,,,,,,,,,,,,,,,,,,,
exp2_observables,RESULT,obs,ethanol,,,,,-154.66468967,,,,,72,,,-154.66468967,0.00000000,True,,,,cc-pv5z,,0.95975881,1.44100000,mu_0,anti,-481.24118980,nan,nan,-0.20758205,0.19537372,0.40295577,154.02684638,"115.2895,115.4360,269.5986,0.3140,0.4333,0.4569,0.4365,0.3991,0.3968",8.79759812,nan,,0.15812584,0.77365821,0.06561301,,,,,,,,,,,,,,,,,,,,,,,
exp2_observables,RESULT,ckpt,ethanol,,,,,-154.91338863,,,649,experiments/exp2_observables/results/ckpt_ethanol_M174.eqx,174,12000,0,-154.91300822,-0.38041444,False,2384,303,True,,,,,,,,,,,,,,,,,,,,,,,,,,,,,,,,,,,,,,,,,,,
exp2_observables,RESULT,obs,ethanol,,,,,-154.91300822,,,,,174,,,-154.91300822,0.00000000,True,,,,cc-pv5z,,1.55936499,1.44100000,mu_0,anti,118.36498545,nan,nan,-0.22742859,0.06245359,0.28988217,154.35621205,"124.9238,124.8357,307.4726,0.4560,0.4606,0.4623,0.4656,0.4782,0.4668",0.92043033,nan,,0.03233096,0.13022562,0.06561301,,,,,,,,,,,,,,,,,,,,,,,
exp2_observables,RESULT,ckpt,ethanol,,,,,-154.92144632,,,2168,experiments/exp2_observables/results/ckpt_ethanol_M345.eqx,345,12000,0,-154.92061346,-0.83286415,False,4727,592,True,,,,,,,,,,,,,,,,,,,,,,,,,,,,,,,,,,,,,,,,,,,
exp2_observables,RESULT,obs,ethanol,,,,,-154.92061346,,,,,345,,,-154.92061346,0.00000000,True,,,,cc-pv5z,raw,1.57212868,1.44100000,mu_0,anti,131.12868085,nan,nan,-0.22677761,0.00208748,0.22886509,154.36047352,"125.6164,125.8176,310.0836,0.4540,0.4663,0.4730,0.4760,0.4951,0.4914",0.86207663,0.01917064,cc-pvtz,0.02215876,0.05338912,0.06561301,,,,,,,,,,,,,,,,,,,,,,,
exp2_observables,RESULT,forces,ethanol,,,,,-154.92185549,,,1836,experiments/exp2_observables/results/ckpt_ethanol_M345_polished.eqx,345,,,-154.92052541,-1.33008200,False,,,,,,,,,,,,,,,,,,,0.00328971,cc-pvtz,,,,,,,,,,,,,,,,final,0.00000290,0.00000873,,,,,,,,
exp2_observables,RESULT,gtol1,alanine_dipeptide,cc-pvqz,910,,,,,,,,,,,,,,,,,cc-pvqz,,,,,,,,,,,,,,,,,,0.00000000,,,,39,,,,,,,,,,,,,,,,,,,,
exp2_observables,RESULT,ckpt,alanine_dipeptide,,,,,-494.73032657,,,815,experiments/exp2_observables/results/ckpt_alanine_dipeptide_M200.eqx,200,12000,0,-494.73032354,-0.00303701,True,6585,402,True,,,,,,,,,,,,,,,,,,,,,,,,,,,,,,,,2.00000000,,,,,,,,,,,
exp2_observables,RESULT,obs,alanine_dipeptide,,,,,-494.73032354,,,,,200,,,-494.73032354,0.00000000,True,,,,cc-pvqz,raw,4.09082543,nan,none,n/a,nan,nan,nan,-0.19618304,0.03987779,0.23606083,492.46579542,"115.5457,115.3310,281.6630,175.5301,115.1287,115.5490,108.4698,279.2270,182.9581,115.9624,0.3802,0.3665,0.4090,0.3341,0.4073,0.4400,0.4390,0.3706,0.2868,0.3826,0.4266,0.4321",8.10682862,nan,none,0.35679105,1.91264491,nan,,,,,,,,,,,,,,,,,,,,,,,
exp2_observables,RESULT,ckpt,alanine_dipeptide,,,,,-495.46013022,,,2768,experiments/exp2_observables/results/ckpt_alanine_dipeptide_M468.eqx,468,12000,0,-495.46010940,-0.02081617,True,15405,657,True,,,,,,,,,,,,,,,,,,,,,,,,,,,,,,,,2.00000000,,,,,,,,,,,
exp2_observables,RESULT,obs,alanine_dipeptide,,,,,-495.46010940,,,,,468,,,-495.46010940,0.00000000,True,,,,cc-pvqz,raw,3.97645319,nan,none,n/a,nan,nan,nan,-0.21749750,-0.02297970,0.19451780,493.48956839,"125.0563,125.2242,308.2727,202.6552,124.7989,125.0694,123.4884,308.0479,202.3417,124.8651,0.4641,0.4586,0.4605,0.4572,0.4582,0.4476,0.4618,0.4587,0.4543,0.4731,0.4649,0.4667",2.01959143,nan,none,0.06212773,0.62005592,nan,,,,,,,,,,,,,,,,,,,,,,,
exp2_observables,RESULT,ckpt,alanine_dipeptide,,,,,-495.49513594,,,12301,experiments/exp2_observables/results/ckpt_alanine_dipeptide_M910.eqx,910,12000,0,-495.49412201,-1.01393209,False,29971,1423,True,,,,,,,,,,,,,,,,,,,,,,,,,,,,,,,,2.00000000,,,,,,,,,,,
exp2_observables,RESULT,obs,alanine_dipeptide,,,,,-495.49412201,,,,,910,,,-495.49412201,0.00000000,True,,,,cc-pvqz,raw,4.09786193,nan,none,n/a,nan,nan,nan,-0.21372478,-0.03360770,0.18011708,493.51257848,"125.5151,125.8181,309.6106,203.7137,125.5733,125.5595,125.8978,310.7079,203.5521,125.6686,0.4685,0.4675,0.4655,0.4594,0.4676,0.4694,0.4699,0.4682,0.4567,0.4751,0.4677,0.4779",1.70858560,nan,none,0.02346969,0.27877323,nan,,,,,,,,,,,,,,,,,,,,,,,
exp2_observables,RESULT,obs,alanine_dipeptide,,,,,-494.73032354,,,,,200,,,-494.73032354,0.00000000,True,,,,cc-pvqz,raw,4.09082543,nan,none,n/a,nan,nan,nan,-0.19618304,0.03987779,0.23606083,492.46579542,"115.5457,115.3310,281.6630,175.5301,115.1287,115.5490,108.4698,279.2270,182.9581,115.9624,0.3802,0.3665,0.4090,0.3341,0.4073,0.4400,0.4390,0.3706,0.2868,0.3826,0.4266,0.4321",8.10682862,nan,none,0.35679105,1.91264491,nan,,,,,,,,,,,,,,,,,,,,,,,
exp2_observables,RESULT,obs,alanine_dipeptide,,,,,-494.75166216,,,,,200,,,-494.75166216,0.00000000,True,,,,cc-pvqz,polished,4.62172253,nan,none,n/a,nan,nan,nan,-0.18736543,0.02535000,0.21271542,492.40198158,"115.7366,114.9638,280.6655,175.5166,115.0626,115.6073,109.1065,279.0121,182.9615,116.6068,0.3887,0.3722,0.3919,0.3425,0.3794,0.4342,0.4382,0.3684,0.2875,0.3730,0.4269,0.4317",7.13661498,0.33662923,cc-pvqz,0.33094439,1.92504390,nan,,,,,,,,,,,,,,,,pyscf,,,,,,,
exp2_observables,RESULT,obs,alanine_dipeptide,,,,,-495.46010940,,,,,468,,,-495.46010940,0.00000000,True,,,,cc-pvqz,raw,3.97645319,nan,none,n/a,nan,nan,nan,-0.21749750,-0.02297970,0.19451780,493.48956839,"125.0563,125.2242,308.2727,202.6552,124.7989,125.0694,123.4884,308.0479,202.3417,124.8651,0.4641,0.4586,0.4605,0.4572,0.4582,0.4476,0.4618,0.4587,0.4543,0.4731,0.4649,0.4667",2.01959143,nan,none,0.06212773,0.62005592,nan,,,,,,,,,,,,,,,,,,,,,,,
exp2_observables,RESULT,obs,alanine_dipeptide,,,,,-495.46874421,,,,,468,,,-495.46874421,0.00000000,True,,,,cc-pvqz,polished,4.04019931,nan,none,n/a,nan,nan,nan,-0.21877752,-0.02371693,0.19506059,493.50172757,"125.2402,125.3479,308.5941,202.8451,125.0722,125.1563,124.9970,308.2174,202.4571,125.0241,0.4673,0.4585,0.4614,0.4566,0.4612,0.4651,0.4638,0.4595,0.4438,0.4708,0.4656,0.4651",2.07965949,0.03688893,cc-pvqz,0.03660064,0.60022285,nan,,,,,,,,,,,,,,,,pyscf,,,,,,,
exp2_observables,RESULT,obs,alanine_dipeptide,,,,,-495.49412201,,,,,910,,,-495.49412201,0.00000000,True,,,,cc-pvqz,raw,4.09786193,nan,none,n/a,nan,nan,nan,-0.21372478,-0.03360770,0.18011708,493.51257848,"125.5151,125.8181,309.6106,203.7137,125.5733,125.5595,125.8978,310.7079,203.5521,125.6686,0.4685,0.4675,0.4655,0.4594,0.4676,0.4694,0.4699,0.4682,0.4567,0.4751,0.4677,0.4779",1.70858560,nan,none,0.02346969,0.27877323,nan,,,,,,,,,,,,,,,,,,,,,,,
exp2_observables,RESULT,obs,alanine_dipeptide,,,,,-495.49416009,,,,,910,,,-495.49416009,0.00000000,True,,,,cc-pvqz,polished,4.09861483,nan,none,n/a,nan,nan,nan,-0.21375685,-0.03413640,0.17962044,493.51291997,"125.5928,125.7927,309.8420,203.7164,125.5701,125.5798,125.8960,310.7421,203.6917,125.6514,0.4728,0.4688,0.4675,0.4640,0.4678,0.4693,0.4714,0.4693,0.4594,0.4799,0.4685,0.4795",1.71301984,0.00865028,cc-pvqz,0.01868510,0.29125356,nan,,,,,,,,,,,,,,,,pyscf,,,,,,,
exp2_observables,RESULT,obs,ethanol,,,,,-154.91474065,,,,,174,,,-154.91474065,0.00000000,True,,,,cc-pv5z,polished,1.52091981,1.44100000,mu_0,anti,79.91981036,nan,nan,-0.23055956,0.04922175,0.27978131,154.36095392,"125.0945,125.0170,307.6918,0.4517,0.4669,0.4672,0.4643,0.4862,0.4724",1.44207674,0.00913292,cc-pvtz,0.01622113,0.14173977,0.06561301,,,,,,,,,,,,,,,,,,,,,,,
exp2_observables,RESULT,obs,ethanol,,,,,-154.92780915,,,,,345,,,-154.92780915,0.00000000,True,,,,cc-pv5z,polished,1.58215339,1.44100000,mu_0,anti,141.15338951,nan,nan,-0.22708841,-0.00058651,0.22650191,154.36475852,"125.8241,125.7092,309.9136,0.4557,0.4680,0.4768,0.4785,0.4967,0.4908",1.08198923,0.00335328,cc-pvtz,0.01328915,0.05754438,0.06561301,,,,,,,,,,,,,,,,,,,,,,,
exp2_observables,RESULT,obs,ethanol,,,,,-154.68461921,,,,,72,,,-154.68461921,0.00000000,True,,,,cc-pv5z,polished,0.93839330,1.44100000,mu_0,anti,-502.60670145,nan,nan,-0.21599769,0.19734472,0.41334242,154.07359964,"115.1467,115.6524,281.4473,0.3191,0.4359,0.3923,0.4382,0.4509,0.4066",9.23148872,0.15287991,cc-pvtz,0.16044920,0.78015149,0.06561301,,,,,,,,,,,,,,,,,,,,,,,
exp2_observables,RESULT,obs,water,,,,,-76.38943717,,,,,115,,,-76.38943717,0.00000000,True,,,,cc-pv5z,polished,1.79022483,1.85498000,mu_0,n/a,-64.75517246,1.85908000,-68.85517246,-0.26736138,-0.01195720,0.25540418,76.16119775,"309.9381,0.4616,0.4602",3.15484417,0.00214170,cc-pvqz,0.01406485,0.03117664,0.05523718,,,,,,,,,,,,,,,,,,,,,,,
exp2_observables,RESULT,obs,water,,,,,-76.27993662,,,,,24,,,-76.27993662,0.00000000,True,,,,cc-pv5z,polished,1.68717173,1.85498000,mu_0,n/a,-167.80827141,1.85908000,-171.90827141,-0.25695877,0.50053440,0.75749316,76.03536683,"276.5191,0.3100,0.3905",14.23713115,0.10518714,cc-pvqz,0.10518695,0.31812805,0.05523718,,,,,,,,,,,,,,,,,,,,,,,
exp2_observables,RESULT,obs,water,,,,,-76.38665197,,,,,58,,,-76.38665197,0.00000000,True,,,,cc-pv5z,polished,1.79058410,1.85498000,mu_0,n/a,-64.39590002,1.85908000,-68.49590002,-0.26910369,0.03885929,0.30796299,76.15791642,"307.6763,0.4580,0.4486",3.34106134,0.00816300,cc-pvqz,0.02113346,0.06750737,0.05523718,,,,,,,,,,,,,,,,,,,,,,,
exp2_observables,RESULT,obs,water,,,,,-76.39037844,,,,,192,,,-76.39037844,0.00000000,True,,,,none,,1.79596868,1.85498000,mu_0,n/a,-59.01132291,1.85908000,-63.11132291,-0.26659713,-0.02263309,0.24396403,76.16407636,"310.5476,0.4590,0.4581",,,,0.01490386,,,,,,,,,,,,,,,,,,,,,,,,,
exp2_observables,RESULT,ckpt,water,,,,,-76.27858568,,,198,experiments/exp2_observables/results/ckpt_water_M24.eqx,24,12000,0,-76.27858559,-0.00008955,True,253,253,True,,,,,,,,,,,,,,,,,,,,,,,,,,,,,,,,2.00000000,,,,,,,,,,,
exp2_observables,RESULT,forces,water,,,,,-76.27993669,,,149,experiments/exp2_observables/results/ckpt_water_M24_polished.eqx,24,,,-76.27993662,-0.00007082,True,,,,,,,,,,,,,,,,,,,0.10518714,cc-pvqz,,,,,,,,,,,,,,,,final,0.00000638,0.00006452,,,,,,,,
exp2_observables,RESULT,obs,water,,,,,-76.27993662,,,,,24,,,-76.27993662,0.00000000,True,,,,cc-pv5z,polished,1.68717173,1.85498000,mu_0,n/a,-167.80827141,1.85908000,-171.90827141,-0.25695877,0.50053440,0.75749316,76.03536683,"276.5191,0.3100,0.3905",14.23713115,0.10518714,cc-pvqz,0.10518695,0.31812805,0.05523718,,,,,,,,,,,,,,,,,,,,,,,
exp2_observables,RESULT,ckpt,water,,,,,-76.38596226,,,228,experiments/exp2_observables/results/ckpt_water_M58.eqx,58,12000,0,-76.38596224,-0.00002075,True,266,242,True,,,,,,,,,,,,,,,,,,,,,,,,,,,,,,,,2.00000000,,,,,,,,,,,
exp2_observables,RESULT,forces,water,,,,,-76.38665196,,,171,experiments/exp2_observables/results/ckpt_water_M58_polished.eqx,58,,,-76.38665197,0.00001624,True,,,,,,,,,,,,,,,,,,,0.00816300,cc-pvqz,,,,,,,,,,,,,,,,final,0.00001655,0.00003370,,,,,,,,
exp2_observables,RESULT,obs,water,,,,,-76.38665197,,,,,58,,,-76.38665197,0.00000000,True,,,,cc-pv5z,polished,1.79058410,1.85498000,mu_0,n/a,-64.39590002,1.85908000,-68.49590002,-0.26910369,0.03885929,0.30796299,76.15791642,"307.6763,0.4580,0.4486",3.34106134,0.00816300,cc-pvqz,0.02113346,0.06750737,0.05523718,,,,,,,,,,,,,,,,,,,,,,,
exp2_observables,RESULT,ckpt,water,,,,,-76.38937719,,,507,experiments/exp2_observables/results/ckpt_water_M115.eqx,115,12000,0,-76.38937726,0.00007634,True,561,246,True,,,,,,,,,,,,,,,,,,,,,,,,,,,,,,,,2.00000000,,,,,,,,,,,
exp2_observables,RESULT,forces,water,,,,,-76.38945482,,,245,experiments/exp2_observables/results/ckpt_water_M115_polished.eqx,115,,,-76.38943717,-0.01764709,True,,,,,,,,,,,,,,,,,,,0.00214170,cc-pvqz,,,,,,,,,,,,,,,,final,0.00000408,0.00001488,,,,,,,,
exp2_observables,RESULT,obs,water,,,,,-76.38943717,,,,,115,,,-76.38943717,0.00000000,True,,,,cc-pv5z,polished,1.79022483,1.85498000,mu_0,n/a,-64.75517246,1.85908000,-68.85517246,-0.26736138,-0.01195720,0.25540418,76.16119775,"309.9381,0.4616,0.4602",3.15484417,0.00214170,cc-pvqz,0.01406485,0.03117664,0.05523718,,,,,,,,,,,,,,,,,,,,,,,
exp2_observables,RESULT,ckpt,ethanol,,,,,-154.66703732,,,376,experiments/exp2_observables/results/ckpt_ethanol_M72.eqx,72,12000,0,-154.66704252,0.00520314,True,988,245,True,,,,,,,,,,,,,,,,,,,,,,,,,,,,,,,,2.00000000,,,,,,,,,,,
exp2_observables,RESULT,forces,ethanol,,,,,-154.68460250,,,283,experiments/exp2_observables/results/ckpt_ethanol_M72_polished.eqx,72,,,-154.68461921,0.01671841,True,,,,,,,,,,,,,,,,,,,0.15287991,cc-pvtz,,,,,,,,,,,,,,,,final,0.00001044,0.00001739,,,,,,,,
exp2_observables,RESULT,obs,ethanol,,,,,-154.68461921,,,,,72,,,-154.68461921,0.00000000,True,,,,cc-pv5z,polished,0.93839330,1.44100000,mu_0,anti,-502.60670145,nan,nan,-0.21599769,0.19734472,0.41334242,154.07359964,"115.1467,115.6524,281.4473,0.3191,0.4359,0.3923,0.4382,0.4509,0.4066",9.23148872,0.15287991,cc-pvtz,0.16044920,0.78015149,0.06561301,,,,,,,,,,,,,,,,,,,,,,,
exp2_observables,RESULT,ckpt,ethanol,,,,,-154.91366933,,,859,experiments/exp2_observables/results/ckpt_ethanol_M174.eqx,174,12000,0,-154.91330909,-0.36023293,False,2384,303,True,,,,,,,,,,,,,,,,,,,,,,,,,,,,,,,,2.00000000,,,,,,,,,,,
exp2_observables,RESULT,forces,ethanol,,,,,-154.91539123,,,434,experiments/exp2_observables/results/ckpt_ethanol_M174_polished.eqx,174,,,-154.91474065,-0.65058502,False,,,,,,,,,,,,,,,,,,,0.00913292,cc-pvtz,,,,,,,,,,,,,,,,final,0.00000824,0.00001913,,,,,,,,
exp2_observables,RESULT,obs,ethanol,,,,,-154.91474065,,,,,174,,,-154.91474065,0.00000000,True,,,,cc-pv5z,polished,1.52091981,1.44100000,mu_0,anti,79.91981036,nan,nan,-0.23055956,0.04922175,0.27978131,154.36095392,"125.0945,125.0170,307.6918,0.4517,0.4669,0.4672,0.4643,0.4862,0.4724",1.44207674,0.00913292,cc-pvtz,0.01622113,0.14173977,0.06561301,,,,,,,,,,,,,,,,,,,,,,,
exp2_observables,RESULT,ckpt,ethanol,,,,,-154.92130207,,,3206,experiments/exp2_observables/results/ckpt_ethanol_M345.eqx,345,12000,0,-154.92064102,-0.66105261,False,4727,593,True,,,,,,,,,,,,,,,,,,,,,,,,,,,,,,,,2.00000000,,,,,,,,,,,
exp2_observables,RESULT,forces,ethanol,,,,,-154.92889443,,,2632,experiments/exp2_observables/results/ckpt_ethanol_M345_polished.eqx,345,,,-154.92780915,-1.08528664,False,,,,,,,,,,,,,,,,,,,0.00335328,cc-pvtz,,,,,,,,,,,,,,,,final,0.00007935,0.00000802,,,,,,,,
exp2_observables,RESULT,obs,ethanol,,,,,-154.92780915,,,,,345,,,-154.92780915,0.00000000,True,,,,cc-pv5z,polished,1.58215339,1.44100000,mu_0,anti,141.15338951,nan,nan,-0.22708841,-0.00058651,0.22650191,154.36475852,"125.8241,125.7092,309.9136,0.4557,0.4680,0.4768,0.4785,0.4967,0.4908",1.08198923,0.00335328,cc-pvtz,0.01328915,0.05754438,0.06561301,,,,,,,,,,,,,,,,,,,,,,,
exp2_observables,RESULT,gto,water,cc-pvqz,115,,,-76.38312412,,,5120,,,,,,,,12683,,,,,1.85115713,,,,,,,-0.25743175,-0.00389557,0.25353618,76.16197979,"304.493204,0.445046,0.445046",,,,0.01297046,,,True,1.78e-08,5,91142,"-18.74244039,-0.92442993,-0.47826900,-0.33477692,-0.25743175",,,,,,,,,,,,,,,,,,
exp2_observables,RESULT,ckpt,water,,,,,-76.30251021,,,190,experiments/exp2_observables/results/ckpt_water_M24.eqx,24,12000,0,-76.30251011,-0.00010274,True,,,True,,,,,,,,,,,,,,,,,,,,,,,,,,,,,,,,,,,,,,,,,,,
exp2_observables,RESULT,obs,water,,,,,-76.30251011,,,,,24,,,-76.30251011,0.00000000,True,,,,cc-pvqz,,1.78697993,1.85498000,mu_0,n/a,-68.00007142,1.85908000,-72.10007142,-0.26231685,0.36446701,0.62678386,76.06384992,"277.2654,0.3026,0.3424",6.70627730,0.04562102,,,0.24604340,nan,,,,,,,,,,,,,,,,,,,,,,,
exp2_observables,RESULT,ckpt,water,,,,,-76.38545670,,,232,experiments/exp2_observables/results/ckpt_water_M58.eqx,58,12000,0,-76.38544775,-0.00895027,True,,,True,,,,,,,,,,,,,,,,,,,,,,,,,,,,,,,,,,,,,,,,,,,
exp2_observables,RESULT,obs,water,,,,,-76.38544775,,,,,58,,,-76.38544775,0.00000000,True,,,,cc-pvqz,,1.78905054,1.85498000,mu_0,n/a,-65.92946047,1.85908000,-70.02946047,-0.26911640,0.05382843,0.32294483,76.16275439,"307.3058,0.4544,0.4443",8.41746366,0.00730610,,,0.08701378,nan,,,,,,,,,,,,,,,,,,,,,,,
exp2_observables,RESULT,ckpt,water,,,,,-76.38940639,,,404,experiments/exp2_observables/results/ckpt_water_M115.eqx,115,12000,0,-76.38930448,-0.10190590,False,,,True,,,,,,,,,,,,,,,,,,,,,,,,,,,,,,,,,,,,,,,,,,,
exp2_observables,RESULT,obs,water,,,,,-76.38930448,,,,,115,,,-76.38930448,0.00000000,True,,,,cc-pvqz,,1.79038200,1.85498000,mu_0,n/a,-64.59800021,1.85908000,-68.69800021,-0.26733249,-0.01544029,0.25189220,76.16137810,"309.7199,0.4549,0.4572",9.10474870,0.00844156,,,0.07114680,nan,,,,,,,,,,,,,,,,,,,,,,,
exp2_observables,RESULT,ckpt,ethanol,,,,,-154.69189205,,,352,experiments/exp2_observables/results/ckpt_ethanol_M72.eqx,72,12000,0,-154.69191003,0.01797892,True,,,True,,,,,,,,,,,,,,,,,,,,,,,,,,,,,,,,,,,,,,,,,,,
exp2_observables,RESULT,obs,ethanol,,,,,-154.69191003,,,,,72,,,-154.69191003,0.00000000,True,,,,cc-pvtz,,1.07176224,1.44100000,mu_0,anti,-369.23776079,nan,nan,-0.23984105,0.29551234,0.53535338,154.06392233,"115.3493,115.4113,271.1739,0.2889,0.4365,0.4349,0.3868,0.4017,0.3939",7.42922108,0.28962868,,,0.65148947,nan,,,,,,,,,,,,,,,,,,,,,,,
exp2_observables,RESULT,ckpt,ethanol,,,,,-154.91358406,,,692,experiments/exp2_observables/results/ckpt_ethanol_M174.eqx,174,12000,0,-154.91359854,0.01448278,True,,,True,,,,,,,,,,,,,,,,,,,,,,,,,,,,,,,,,,,,,,,,,,,
exp2_observables,RESULT,obs,ethanol,,,,,-154.91359854,,,,,174,,,-154.91359854,0.00000000,True,,,,cc-pvtz,,1.53272089,1.44100000,mu_0,anti,91.72089115,nan,nan,-0.22979654,0.06828182,0.29807836,154.35407507,"124.8945,124.8141,307.5356,0.4562,0.4603,0.4661,0.4645,0.4868,0.4767",5.10247755,0.02851728,,,0.21504689,nan,,,,,,,,,,,,,,,,,,,,,,,
exp2_observables,RESULT,ckpt,ethanol,,,,,-154.92142447,,,2185,experiments/exp2_observables/results/ckpt_ethanol_M345.eqx,345,12000,0,-154.92055944,-0.86502203,False,,,True,,,,,,,,,,,,,,,,,,,,,,,,,,,,,,,,,,,,,,,,,,,
exp2_observables,RESULT,obs,ethanol,,,,,-154.92055944,,,,,345,,,-154.92055944,0.00000000,True,,,,cc-pvtz,,1.57143938,1.44100000,mu_0,anti,130.43938063,nan,nan,-0.22680775,0.00236008,0.22916783,154.36039770,"125.6339,125.5997,310.1659,0.4523,0.4639,0.4730,0.4758,0.4958,0.4925",4.34144630,0.01934040,,,0.16563537,nan,,,,,,,,,,,,,,,,,,,,,,,
exp2_observables,RESULT,obs,water,,,,,-76.32948194,,,,,24,,,-76.32948194,0.00000000,True,,,,cc-pv5z,polished,1.77736826,1.85498000,mu_0,n/a,-77.61174194,1.85908000,-81.71174194,-0.25865696,0.34619122,0.60484818,76.09444967,"285.4611,0.2959,0.3901",9.25490308,0.03583118,cc-pvqz,0.04880164,0.20722951,0.05523718,,,,,,,,,,,,,,,,,,,,,,,
exp2_observables,RESULT,obs,water,,,,,-76.38627137,,,,,58,,,-76.38627137,0.00000000,True,,,,cc-pv5z,polished,1.78405910,1.85498000,mu_0,n/a,-70.92090437,1.85908000,-75.02090437,-0.26921790,0.02120160,0.29041950,76.15954551,"307.6339,0.4544,0.4516",3.33982610,0.01291683,cc-pvqz,0.02588729,0.07139293,0.05523718,,,,,,,,,,,,,,,,,,,,,,,
exp2_observables,RESULT,obs,water,,,,,-76.38941469,,,,,115,,,-76.38941469,0.00000000,True,,,,cc-pv5z,polished,1.78973499,1.85498000,mu_0,n/a,-65.24501066,1.85908000,-69.34501066,-0.26740378,-0.01019707,0.25720671,76.16093337,"309.9095,0.4606,0.4543",3.23102365,0.00166132,cc-pvqz,0.01355665,0.03221344,0.05523718,,,,,,,,,,,,,,,,,,,,,,,
exp2_observables,RESULT,obs,ethanol,,,,,-154.67855916,,,,,72,,,-154.67855916,0.00000000,True,,,,cc-pv5z,polished,1.07130688,1.44100000,mu_0,anti,-369.69312424,nan,nan,-0.21203108,0.24322536,0.45525643,154.04484804,"115.3321,115.5991,270.7073,0.3163,0.4340,0.4602,0.4379,0.4069,0.3949",7.79469680,0.12609531,cc-pvtz,0.13366460,0.70786668,0.06561301,,,,,,,,,,,,,,,,,,,,,,,
exp2_observables,RESULT,obs,ethanol,,,,,-154.91492577,,,,,174,,,-154.91492577,0.00000000,True,,,,cc-pv5z,polished,1.58034568,1.44100000,mu_0,anti,139.34567872,nan,nan,-0.23169701,0.04938301,0.28108002,154.35808555,"125.0880,125.0516,307.5897,0.4519,0.4628,0.4684,0.4702,0.4839,0.4666",1.24061501,0.03760926,cc-pvtz,0.04059739,0.15763461,0.06561301,,,,,,,,,,,,,,,,,,,,,,,
exp2_observables,RESULT,obs,ethanol,,,,,-154.92052541,,,,,345,,,-154.92052541,0.00000000,True,,,,cc-pv5z,polished,1.57631473,1.44100000,mu_0,anti,135.31473494,nan,nan,-0.22703280,-0.00051958,0.22651322,154.36101754,"125.6030,125.7913,310.1297,0.4547,0.4714,0.4745,0.4785,0.4957,0.4910",0.88608715,0.00328971,cc-pvtz,0.01252553,0.05451315,0.06561301,,,,,,,,,,,,,,,,,,,,,,,
exp2_observables,RESULT,obs,water,,,,,-76.30251011,,,,,24,,,-76.30251011,0.00000000,True,,,,cc-pv5z,,1.78697993,1.85498000,mu_0,n/a,-68.00007142,1.85908000,-72.10007142,-0.26231685,0.36446701,0.62678386,76.06384992,"277.2654,0.3026,0.3424",10.44525721,nan,,0.04562121,0.26011516,0.05523718,,,,,,,,,,,,,,,,,,,,,,,
exp2_observables,RESULT,obs,water,,,,,-76.38544775,,,,,58,,,-76.38544775,0.00000000,True,,,,cc-pv5z,,1.78905054,1.85498000,mu_0,n/a,-65.92946047,1.85908000,-70.02946047,-0.26911640,0.05382843,0.32294483,76.16275439,"307.3058,0.4544,0.4443",3.26744740,nan,,0.01428478,0.07138412,0.05523718,,,,,,,,,,,,,,,,,,,,,,,
exp2_observables,RESULT,obs,water,,,,,-76.38930448,,,,,115,,,-76.38930448,0.00000000,True,,,,cc-pv5z,,1.79038200,1.85498000,mu_0,n/a,-64.59800021,1.85908000,-68.69800021,-0.26733249,-0.01544029,0.25189220,76.16137810,"309.7199,0.4549,0.4572",2.99780611,nan,,0.00916340,0.03144626,0.05523718,,,,,,,,,,,,,,,,,,,,,,,
exp2_observables,RESULT,obs,ethanol,,,,,-154.69191003,,,,,72,,,-154.69191003,0.00000000,True,,,,cc-pvqz,,1.07176224,1.44100000,mu_0,anti,-369.23776079,nan,nan,-0.23984105,0.29551234,0.53535338,154.06392233,"115.3493,115.4113,271.1739,0.2889,0.4365,0.4349,0.3868,0.4017,0.3939",7.87326363,nan,,0.29261680,0.66622639,nan,,,,,,,,,,,,,,,,,,,,,,,
exp2_observables,RESULT,obs,ethanol,,,,,-154.91359854,,,,,174,,,-154.91359854,0.00000000,True,,,,cc-pvqz,,1.53272089,1.44100000,mu_0,anti,91.72089115,nan,nan,-0.22979654,0.06828182,0.29807836,154.35407507,"124.8945,124.8141,307.5356,0.4562,0.4603,0.4661,0.4645,0.4868,0.4767",3.33801661,nan,,0.03150540,0.15909387,nan,,,,,,,,,,,,,,,,,,,,,,,
exp2_observables,RESULT,obs,ethanol,,,,,-154.92055944,,,,,345,,,-154.92055944,0.00000000,True,,,,cc-pvqz,,1.57143938,1.44100000,mu_0,anti,130.43938063,nan,nan,-0.22680775,0.00236008,0.22916783,154.36039770,"125.6339,125.5997,310.1659,0.4523,0.4639,0.4730,0.4758,0.4958,0.4925",2.57698535,nan,,0.02232853,0.08810299,nan,,,,,,,,,,,,,,,,,,,,,,,
exp2_observables,RESULT,forces,water,,,,,-76.32948206,,,149,experiments/exp2_observables/results/ckpt_water_M24_polished.eqx,24,,,-76.32948194,-0.00012003,True,,,,,,,,,,,,,,,,,,,0.03583118,cc-pvqz,,,,,,,,,,,,,,,,final,0.00006293,0.00013060,,,,,,,,
exp2_observables,RESULT,forces,water,,,,,-76.38641998,,,192,experiments/exp2_observables/results/ckpt_water_M58_polished.eqx,58,,,-76.38627137,-0.14861353,False,,,,,,,,,,,,,,,,,,,0.01291683,cc-pvqz,,,,,,,,,,,,,,,,final,0.00001158,0.00003361,,,,,,,,
exp2_observables,RESULT,forces,water,,,,,-76.38943577,,,262,experiments/exp2_observables/results/ckpt_water_M115_polished.eqx,115,,,-76.38941469,-0.02107898,True,,,,,,,,,,,,,,,,,,,0.00166132,cc-pvqz,,,,,,,,,,,,,,,,final,0.00000400,0.00001436,,,,,,,,
exp2_observables,RESULT,forces,ethanol,,,,,-154.67853933,,,293,experiments/exp2_observables/results/ckpt_ethanol_M72_polished.eqx,72,,,-154.67855916,0.01983305,True,,,,,,,,,,,,,,,,,,,0.12609531,cc-pvtz,,,,,,,,,,,,,,,,final,0.00008162,0.00006755,,,,,,,,
exp2_observables,RESULT,forces,ethanol,,,,,-154.91535276,,,446,experiments/exp2_observables/results/ckpt_ethanol_M174_polished.eqx,174,,,-154.91492577,-0.42699658,False,,,,,,,,,,,,,,,,,,,0.03760926,cc-pvtz,,,,,,,,,,,,,,,,final,0.00001250,0.00002015,,,,,,,,
exp2_observables,RESULT,forces,alanine_dipeptide,,,,,,,,,,200,,,,,,,,,,,,,,,,,,,,,,,,0.35366464,cc-pvqz,,,,,,,,,,,,,,,,ckpt,0.00127983,4.69e-08,,,,,,,,
exp2_observables,RESULT,forces,alanine_dipeptide,,,,,,,,100,,200,,,,,,,,,,,,,,,,,,,,,,,,0.38665681,cc-pvqz,,,,,,,,,,,,,,,,+2000@lr0.001,0.00004758,0.00005107,,,,,,,,
exp2_observables,RESULT,forces,alanine_dipeptide,,,,,,,,197,,200,,,,,,,,,,,,,,,,,,,,,,,,0.35681400,cc-pvqz,,,,,,,,,,,,,,,,+4000@lr0.0003,0.00004642,0.00003286,,,,,,,,
exp2_observables,RESULT,forces,alanine_dipeptide,,,,,,,,295,,200,,,,,,,,,,,,,,,,,,,,,,,,0.33859837,cc-pvqz,,,,,,,,,,,,,,,,+6000@lr0.0001,0.00008159,0.00003699,,,,,,,,
exp2_observables,RESULT,forces,alanine_dipeptide,,,,,-494.75182417,,,408,experiments/exp2_observables/results/ckpt_alanine_dipeptide_M200_polished.eqx,200,,,-494.75166216,-0.16201091,False,,,,,,,,,,,,,,,,,,,0.33662923,cc-pvqz,,,,,,,,,,,,,,,,final,0.00011885,0.00002916,,,,,,,,
exp2_observables,RESULT,forces,alanine_dipeptide,,,,,,,,,,468,,,,,,,,,,,,,,,,,,,,,,,,0.06152417,cc-pvqz,,,,,,,,,,,,,,,,ckpt,0.00047714,7.90e-08,,,,,,,,
exp2_observables,RESULT,forces,alanine_dipeptide,,,,,,,,900,,468,,,,,,,,,,,,,,,,,,,,,,,,0.03610507,cc-pvqz,,,,,,,,,,,,,,,,+2000@lr0.001,0.00001460,0.00002251,,,,,,,,
exp2_observables,RESULT,forces,alanine_dipeptide,,,,,,,,1813,,468,,,,,,,,,,,,,,,,,,,,,,,,0.03713784,cc-pvqz,,,,,,,,,,,,,,,,+4000@lr0.0003,0.00001194,0.00001310,,,,,,,,
exp2_observables,RESULT,forces,alanine_dipeptide,,,,,,,,2710,,468,,,,,,,,,,,,,,,,,,,,,,,,0.03721490,cc-pvqz,,,,,,,,,,,,,,,,+6000@lr0.0001,0.00001266,0.00001297,,,,,,,,
exp2_observables,RESULT,forces,alanine_dipeptide,,,,,-495.46919940,,,3288,experiments/exp2_observables/results/ckpt_alanine_dipeptide_M468_polished.eqx,468,,,-495.46874421,-0.45519617,False,,,,,,,,,,,,,,,,,,,0.03688893,cc-pvqz,,,,,,,,,,,,,,,,final,0.00001309,0.00001477,,,,,,,,
exp2_observables,RESULT,forces,alanine_dipeptide,,,,,,,,,,910,,,,,,,,,,,,,,,,,,,,,,,,0.01434436,cc-pvqz,,,,,,,,,,,,,,,,ckpt,0.00027429,1.71e-07,,,,,,,,
exp2_observables,RESULT,forces,alanine_dipeptide,,,,,,,,3231,,910,,,,,,,,,,,,,,,,,,,,,,,,0.00708958,cc-pvqz,,,,,,,,,,,,,,,,+2000@lr0.001,0.00000618,0.00000611,,,,,,,,
exp2_observables,RESULT,forces,alanine_dipeptide,,,,,,,,6466,,910,,,,,,,,,,,,,,,,,,,,,,,,0.00789827,cc-pvqz,,,,,,,,,,,,,,,,+4000@lr0.0003,0.00000342,0.00000530,,,,,,,,
exp2_observables,RESULT,forces,alanine_dipeptide,,,,,,,,9816,,910,,,,,,,,,,,,,,,,,,,,,,,,0.00841373,cc-pvqz,,,,,,,,,,,,,,,,+6000@lr0.0001,0.00000282,0.00000471,,,,,,,,
exp2_observables,RESULT,forces,alanine_dipeptide,,,,,-495.49657149,,,12517,experiments/exp2_observables/results/ckpt_alanine_dipeptide_M910_polished.eqx,910,,,-495.49416009,-2.41139473,False,,,,,,,,,,,,,,,,,,,0.00865028,cc-pvqz,,,,,,,,,,,,,,,,final,0.00000296,0.00000673,,,,,,,,
exp2_observables,RESULT,forces,ethanol,,,,,,,,,,174,,,,,,,,,,,,,,,,,,,,,,,,0.02858955,cc-pvtz,,,,,,,,,,,,,,,,ckpt,0.00040485,5.46e-08,,,,,,,,
exp2_observables,RESULT,forces,ethanol,,,,,,,,115,,174,,,,,,,,,,,,,,,,,,,,,,,,0.01104556,cc-pvtz,,,,,,,,,,,,,,,,+2000@lr0.001,0.00001207,0.00001960,,,,,,,,
exp2_observables,RESULT,forces,ethanol,,,,,,,,226,,174,,,,,,,,,,,,,,,,,,,,,,,,0.01032410,cc-pvtz,,,,,,,,,,,,,,,,+4000@lr0.0003,0.00000852,0.00001700,,,,,,,,
exp2_observables,RESULT,forces,ethanol,,,,,,,,337,,174,,,,,,,,,,,,,,,,,,,,,,,,0.00954174,cc-pvtz,,,,,,,,,,,,,,,,+6000@lr0.0001,0.00000796,0.00001628,,,,,,,,
exp2_observables,RESULT,forces,ethanol,,,,,-154.91539123,,,434,experiments/exp2_observables/results/ckpt_ethanol_M174_polished.eqx,174,,,-154.91474065,-0.65058502,False,,,,,,,,,,,,,,,,,,,0.00913292,cc-pvtz,,,,,,,,,,,,,,,,final,0.00000824,0.00001913,,,,,,,,
exp2_observables,RESULT,forces,ethanol,,,,,,,,,,345,,,,,,,,,,,,,,,,,,,,,,,,0.01393149,cc-pvtz,,,,,,,,,,,,,,,,ckpt,0.00012040,3.05e-07,,,,,,,,
exp2_observables,RESULT,forces,ethanol,,,,,,,,729,,345,,,,,,,,,,,,,,,,,,,,,,,,0.00330555,cc-pvtz,,,,,,,,,,,,,,,,+2000@lr0.001,0.00006376,0.00000834,,,,,,,,
exp2_observables,RESULT,forces,ethanol,,,,,,,,1454,,345,,,,,,,,,,,,,,,,,,,,,,,,0.00331910,cc-pvtz,,,,,,,,,,,,,,,,+4000@lr0.0003,0.00007181,0.00000612,,,,,,,,
exp2_observables,RESULT,forces,ethanol,,,,,,,,2187,,345,,,,,,,,,,,,,,,,,,,,,,,,0.00333144,cc-pvtz,,,,,,,,,,,,,,,,+6000@lr0.0001,0.00007686,0.00000554,,,,,,,,
exp2_observables,RESULT,forces,ethanol,,,,,-154.92889443,,,2632,experiments/exp2_observables/results/ckpt_ethanol_M345_polished.eqx,345,,,-154.92780915,-1.08528664,False,,,,,,,,,,,,,,,,,,,0.00335328,cc-pvtz,,,,,,,,,,,,,,,,final,0.00007935,0.00000802,,,,,,,,
exp2_observables,RESULT,forces,ethanol,,,,,,,,,,72,,,,,,,,,,,,,,,,,,,,,,,,0.11564973,cc-pvtz,,,,,,,,,,,,,,,,ckpt,0.00110493,2.63e-07,,,,,,,,
exp2_observables,RESULT,forces,ethanol,,,,,,,,71,,72,,,,,,,,,,,,,,,,,,,,,,,,0.17591350,cc-pvtz,,,,,,,,,,,,,,,,+2000@lr0.001,0.00007021,0.00004710,,,,,,,,
exp2_observables,RESULT,forces,ethanol,,,,,,,,136,,72,,,,,,,,,,,,,,,,,,,,,,,,0.14846948,cc-pvtz,,,,,,,,,,,,,,,,+4000@lr0.0003,0.00001235,0.00002526,,,,,,,,
exp2_observables,RESULT,forces,ethanol,,,,,,,,202,,72,,,,,,,,,,,,,,,,,,,,,,,,0.15108125,cc-pvtz,,,,,,,,,,,,,,,,+6000@lr0.0001,0.00000866,0.00001809,,,,,,,,
exp2_observables,RESULT,forces,ethanol,,,,,-154.68460250,,,283,experiments/exp2_observables/results/ckpt_ethanol_M72_polished.eqx,72,,,-154.68461921,0.01671841,True,,,,,,,,,,,,,,,,,,,0.15287991,cc-pvtz,,,,,,,,,,,,,,,,final,0.00001044,0.00001739,,,,,,,,
exp2_observables,RESULT,forces,water,,,,,,,,,,115,,,,,,,,,,,,,,,,,,,,,,,,0.00692827,cc-pvqz,,,,,,,,,,,,,,,,ckpt,0.00013357,2.75e-08,,,,,,,,
exp2_observables,RESULT,forces,water,,,,,,,,61,,115,,,,,,,,,,,,,,,,,,,,,,,,0.00200216,cc-pvqz,,,,,,,,,,,,,,,,+2000@lr0.001,0.00000676,0.00001644,,,,,,,,
exp2_observables,RESULT,forces,water,,,,,,,,118,,115,,,,,,,,,,,,,,,,,,,,,,,,0.00212300,cc-pvqz,,,,,,,,,,,,,,,,+4000@lr0.0003,0.00000490,0.00001355,,,,,,,,
exp2_observables,RESULT,forces,water,,,,,,,,176,,115,,,,,,,,,,,,,,,,,,,,,,,,0.00216892,cc-pvqz,,,,,,,,,,,,,,,,+6000@lr0.0001,0.00000425,0.00001293,,,,,,,,
exp2_observables,RESULT,forces,water,,,,,-76.38945482,,,245,experiments/exp2_observables/results/ckpt_water_M115_polished.eqx,115,,,-76.38943717,-0.01764709,True,,,,,,,,,,,,,,,,,,,0.00214170,cc-pvqz,,,,,,,,,,,,,,,,final,0.00000408,0.00001488,,,,,,,,
exp2_observables,RESULT,forces,water,,,,,,,,,,24,,,,,,,,,,,,,,,,,,,,,,,,0.08138746,cc-pvqz,,,,,,,,,,,,,,,,ckpt,0.00168901,3.95e-07,,,,,,,,
exp2_observables,RESULT,forces,water,,,,,,,,35,,24,,,,,,,,,,,,,,,,,,,,,,,,0.11348297,cc-pvqz,,,,,,,,,,,,,,,,+2000@lr0.001,0.00002974,0.00016291,,,,,,,,
exp2_observables,RESULT,forces,water,,,,,,,,66,,24,,,,,,,,,,,,,,,,,,,,,,,,0.10820527,cc-pvqz,,,,,,,,,,,,,,,,+4000@lr0.0003,0.00000958,0.00011871,,,,,,,,
exp2_observables,RESULT,forces,water,,,,,,,,96,,24,,,,,,,,,,,,,,,,,,,,,,,,0.10491595,cc-pvqz,,,,,,,,,,,,,,,,+6000@lr0.0001,0.00000506,0.00008632,,,,,,,,
exp2_observables,RESULT,forces,water,,,,,-76.27993669,,,149,experiments/exp2_observables/results/ckpt_water_M24_polished.eqx,24,,,-76.27993662,-0.00007082,True,,,,,,,,,,,,,,,,,,,0.10518714,cc-pvqz,,,,,,,,,,,,,,,,final,0.00000638,0.00006452,,,,,,,,
exp2_observables,RESULT,forces,water,,,,,,,,,,58,,,,,,,,,,,,,,,,,,,,,,,,0.01245988,cc-pvqz,,,,,,,,,,,,,,,,ckpt,0.00041057,1.68e-07,,,,,,,,
exp2_observables,RESULT,forces,water,,,,,,,,41,,58,,,,,,,,,,,,,,,,,,,,,,,,0.00808696,cc-pvqz,,,,,,,,,,,,,,,,+2000@lr0.001,0.00002064,0.00004738,,,,,,,,
exp2_observables,RESULT,forces,water,,,,,,,,81,,58,,,,,,,,,,,,,,,,,,,,,,,,0.00737802,cc-pvqz,,,,,,,,,,,,,,,,+4000@lr0.0003,0.00001824,0.00005056,,,,,,,,
exp2_observables,RESULT,forces,water,,,,,,,,121,,58,,,,,,,,,,,,,,,,,,,,,,,,0.00778318,cc-pvqz,,,,,,,,,,,,,,,,+6000@lr0.0001,0.00001788,0.00003617,,,,,,,,
exp2_observables,RESULT,forces,water,,,,,-76.38665196,,,171,experiments/exp2_observables/results/ckpt_water_M58_polished.eqx,58,,,-76.38665197,0.00001624,True,,,,,,,,,,,,,,,,,,,0.00816300,cc-pvqz,,,,,,,,,,,,,,,,final,0.00001655,0.00003370,,,,,,,,
exp2_observables,RESULT,gto,alanine_dipeptide,cc-pvdz,200,,,-495.27794359,,,101,,,,,,,,5802,,,,,3.92548782,,,,,,,-0.19634001,-0.01819815,0.17814186,492.26764676,"120.457139,120.478364,297.304150,195.398922,120.448309,120.439449,120.487078,297.311788,195.319769,120.382863,0.374706,0.367006,0.367371,0.372049,0.373683,0.371084,0.371946,0.369092,0.369465,0.375470,0.369319,0.376230",,,,nan,,,True,0.00007628,39,652780,"-18.73154157,-18.72734797,-14.03079837,-14.02523678,-9.98830388,-9.98551072,-9.94321378,-9.92983491,-9.90448773,-9.88701578,-0.94701518,-0.94134762,-0.85414152,-0.83586136,-0.71038125,-0.66073853,-0.64667134,-0.57614597,-0.53499380,-0.52234141,-0.48262988,-0.43349202,-0.42769791,-0.41064302,-0.40562139,-0.39716480,-0.37193674,-0.36870214,-0.35476431,-0.34667986,-0.34370369,-0.33417744,-0.31928708,-0.31725483,-0.30309259,-0.22800688,-0.21907739,-0.20429950,-0.19634001",,,,,,,,,,,,,,,,,,
exp2_observables,RESULT,gto,alanine_dipeptide,cc-pvqz,910,,,-495.47609927,,,377,,,,,,,,32015,,,,,4.12064612,,,,,,,-0.21065174,-0.03525287,0.17539887,493.32155798,"123.575129,123.675901,304.800023,200.282149,123.546540,123.567469,123.685409,304.818031,200.222734,123.539524,0.456871,0.448893,0.449280,0.446455,0.451674,0.453531,0.455036,0.451297,0.444782,0.459349,0.452607,0.459102",,,,nan,,,True,0.00008503,39,652780,"-18.72114979,-18.71694521,-14.02267536,-14.01735311,-9.98326022,-9.98184962,-9.93967957,-9.91900004,-9.89439706,-9.87665047,-0.95550388,-0.94998429,-0.86209978,-0.84346067,-0.71719764,-0.66663425,-0.65269835,-0.58253733,-0.54374857,-0.53110792,-0.49134440,-0.44147232,-0.43682244,-0.41983127,-0.41424286,-0.40563300,-0.38039065,-0.37749545,-0.36285592,-0.35805606,-0.35272121,-0.34353124,-0.32796743,-0.32647184,-0.31303461,-0.24146190,-0.23249696,-0.21905624,-0.21065174",,,,,,,,,,,,,,,,,,
exp2_observables,RESULT,gto,alanine_dipeptide,cc-pvtz,468,,,-495.43353549,,,185,,,,,,,,16551,,,,,4.06773275,,,,,,,-0.20743913,-0.03042935,0.17700978,492.26404390,"120.694240,120.703231,297.715979,195.570463,120.561894,120.697269,120.700410,297.727109,195.503699,120.674025,0.435212,0.428675,0.429158,0.426060,0.431537,0.432781,0.433977,0.430871,0.424498,0.438394,0.432171,0.437767",,,,nan,,,True,0.00008700,39,652780,"-18.72445486,-18.72028202,-14.02555185,-14.02003487,-9.98421875,-9.98263152,-9.94110129,-9.92080266,-9.89619872,-9.87834327,-0.95333310,-0.94775902,-0.86020005,-0.84164750,-0.71568268,-0.66535234,-0.65127902,-0.58105316,-0.54165310,-0.52899218,-0.48930846,-0.43961799,-0.43482108,-0.41775509,-0.41239130,-0.40380427,-0.37846710,-0.37557335,-0.36096353,-0.35567324,-0.35072897,-0.34141446,-0.32596976,-0.32440392,-0.31076397,-0.23843673,-0.22946207,-0.21576385,-0.20743913",,,,,,,,,,,,,,,,,,
exp2_observables,RESULT,gto,ethanol,cc-pvqz,345,,,-154.91359359,,,84,,,,,,,,58787,,,,,1.55176434,,,,,,,-0.22299222,-0.00119803,0.22179419,154.31038647,"123.563816,123.573410,304.596566,0.439753,0.451701,0.457781,0.457781,0.473265,0.473265",,,,nan,,,True,0.00000435,13,272558,"-18.74106290,-9.92105378,-9.87024682,-0.92892622,-0.68027647,-0.54678249,-0.46278603,-0.41921833,-0.35763064,-0.33970697,-0.32242403,-0.28919259,-0.22299222",,,,,,,,,,,,,,,,,,
exp2_observables,RESULT,gto,ethanol,cc-pv5z,603,,,-154.91876279,,,213,,,,,,,,19322,,,,,1.57565662,,,,,,,-0.22538903,-0.01020983,0.21517919,154.32931906,"124.937597,124.952834,307.409825,0.456609,0.471679,0.478039,0.478039,0.494485,0.494485",,,,nan,,,True,0.00000450,13,272558,"-18.74546369,-9.92347493,-9.87218942,-0.93086297,-0.68112333,-0.54776095,-0.46437576,-0.42027837,-0.35887976,-0.34074146,-0.32337758,-0.29093286,-0.22538903",,,,,,,,,,,,,,,,,,
exp2_observables,RESULT,gto,ethanol,cc-pvdz,72,,,-154.83811121,,,1339,,,,,,,,,,,,,1.46186718,,,,,,,-0.20320278,0.03334587,0.23654864,153.96736098,"120.445884,120.411045,297.015997,0.365757,0.370019,0.373163,0.373163,0.390719,0.390719",,,,0.01829884,,,True,0.00000437,13,272558,"-18.74435658,-9.92757870,-9.88164411,-0.91620731,-0.67417507,-0.53995318,-0.45129854,-0.41061610,-0.34764508,-0.33115161,-0.31413450,-0.27406008,-0.20320278",,,,,,,,,,,,,,,,,,
exp2_observables,RESULT,gto,ethanol,cc-pvqz,345,,,-154.91359359,,,84,,,,,,,,58787,,,,,1.55176434,,,,,,,-0.22299222,-0.00119803,0.22179419,154.31038647,"123.563816,123.573410,304.596566,0.439753,0.451701,0.457781,0.457781,0.473265,0.473265",,,,nan,,,True,0.00000435,13,272558,"-18.74106290,-9.92105378,-9.87024682,-0.92892622,-0.68027647,-0.54678249,-0.46278603,-0.41921833,-0.35763064,-0.33970697,-0.32242403,-0.28919259,-0.22299222",,,,,,,,,,,,,,,,,,
exp2_observables,RESULT,gto,ethanol,cc-pvtz,174,,,-154.89869359,,,1456,,,,,,,,,,,,,1.52534957,,,,,,,-0.21808300,0.01115107,0.22923407,154.00500402,"120.696526,120.657705,297.501179,0.420317,0.430838,0.437029,0.437029,0.451556,0.451556",,,,0.01296127,,,True,0.00000411,13,272558,"-18.74184797,-9.92212606,-9.87205958,-0.92548264,-0.67880374,-0.54501492,-0.45971814,-0.41718007,-0.35520725,-0.33768020,-0.32055567,-0.28560224,-0.21808300",,,,,,,,,,,,,,,,,,
exp2_observables,RESULT,gto,water,cc-pv5z,201,,,-76.38730662,,,224,,,,,,,,24093,,,,,1.84211554,,,,,,,-0.26369580,-0.01685242,0.24684338,76.15121695,"307.314946,0.461236,0.461236",,,,nan,,,True,8.34e-09,5,91142,"-18.75100567,-0.92959988,-0.48305081,-0.34053055,-0.26369580",,,,,,,,,,,,,,,,,,
exp2_observables,RESULT,gto,water,cc-pv5z,201,,,-76.38730662,,,224,,,,,,,,24093,,,,,1.84211554,,,,,,,-0.26369580,-0.01685242,0.24684338,76.15121695,"307.314946,0.461236,0.461236",,,,nan,,,True,8.34e-09,5,91142,"-18.75100567,-0.92959988,-0.48305081,-0.34053055,-0.26369580",,,,,,,,,,,,,,,,,,
exp2_observables,RESULT,gto,water,cc-pvdz,24,,,-76.33347551,,,850,,,,,,,,,,,,,1.86410891,,,,,,,-0.22485970,0.03416918,0.25902888,76.01403732,"296.890852,0.366602,0.366602",,,,0.02578968,,,True,2.65e-08,5,91142,"-18.73882986,-0.90284406,-0.45731358,-0.30388728,-0.22485970",,,,,,,,,,,,,,,,,,
exp2_observables,RESULT,gto,water,cc-pvqz,115,,,-76.38312412,,,5120,,,,,,,,12683,,,,,1.85115713,,,,,,,-0.25743175,-0.00389557,0.25353618,76.16197979,"304.493204,0.445046,0.445046",,,,0.01297046,,,True,1.78e-08,5,91142,"-18.74244039,-0.92442993,-0.47826900,-0.33477692,-0.25743175",,,,,,,,,,,,,,,,,,
exp2_observables,RESULT,gto,water,cc-pvtz,58,,,-76.37289638,,,446,,,,,,,,,,,,,1.86906400,,,,,,,-0.24863670,0.00922649,0.25786318,76.02791108,"297.533251,0.426070,0.426070",,,,0.01468257,,,True,6.52e-09,5,91142,"-18.73853287,-0.91801409,-0.47200301,-0.32640377,-0.24863670",,,,,,,,,,,,,,,,,,
exp2_observables,RESULT,gtol1,alanine_dipeptide,cc-pvdz,200,,,,,,,,,,,,,,,,,cc-pvqz,,,,,,,,,,,,,,,,,,1.48839010,,,,39,,,,,,,,,,,,,,,,,,,,
exp2_observables,RESULT,gtol1,alanine_dipeptide,cc-pvtz,468,,,,,,,,,,,,,,,,,cc-pvqz,,,,,,,,,,,,,,,,,,0.39566321,,,,39,,,,,,,,,,,,,,,,,,,,
exp2_observables,RESULT,gtol1,alanine_dipeptide,cc-pvqz,910,,,,,,,,,,,,,,,,,cc-pvqz,,,,,,,,,,,,,,,,,,0.00000000,,,,39,,,,,,,,,,,,,,,,,,,,
exp2_observables,RESULT,gtol1,ethanol,cc-pvdz,72,,,,,,,,,,,,,,,,,cc-pv5z,,,,,,,,,,,,,,,,,,0.59370492,,,,13,,,,,,,,,,,,,,,,,,,,
exp2_observables,RESULT,gtol1,ethanol,cc-pvtz,174,,,,,,,,,,,,,,,,,cc-pv5z,,,,,,,,,,,,,,,,,,0.16291528,,,,13,,,,,,,,,,,,,,,,,,,,
exp2_observables,RESULT,gtol1,ethanol,cc-pvqz,345,,,,,,,,,,,,,,,,,cc-pv5z,,,,,,,,,,,,,,,,,,0.06561301,,,,13,,,,,,,,,,,,,,,,,,,,
exp2_observables,RESULT,gtol1,ethanol,cc-pv5z,603,,,,,,,,,,,,,,,,,cc-pv5z,,,,,,,,,,,,,,,,,,0.00000000,,,,13,,,,,,,,,,,,,,,,,,,,
exp2_observables,RESULT,gtol1,water,cc-pvdz,24,,,,,,,,,,,,,,,,,cc-pv5z,,,,,,,,,,,,,,,,,,0.35602859,,,,5,,,,,,,,,,,,,,,,,,,,
exp2_observables,RESULT,gtol1,water,cc-pvtz,58,,,,,,,,,,,,,,,,,cc-pv5z,,,,,,,,,,,,,,,,,,0.12073673,,,,5,,,,,,,,,,,,,,,,,,,,
exp2_observables,RESULT,gtol1,water,cc-pvqz,115,,,,,,,,,,,,,,,,,cc-pv5z,,,,,,,,,,,,,,,,,,0.05523718,,,,5,,,,,,,,,,,,,,,,,,,,
exp2_observables,RESULT,gtol1,water,cc-pv5z,201,,,,,,,,,,,,,,,,,cc-pv5z,,,,,,,,,,,,,,,,,,0.00000000,,,,5,,,,,,,,,,,,,,,,,,,,
exp2_observables,RESULT,gto_wf,water,cc-pvdz,,,,,,,,,,,,,,,,,,,,,,,,,,,,,,,,,,,,,,,,,,,,,,,,,,,,,,cc,cc-pv5z,0.31702714,0.03125134,,,
exp2_observables,RESULT,gto_wf,water,cc-pvtz,,,,,,,,,,,,,,,,,,,,,,,,,,,,,,,,,,,,,,,,,,,,,,,,,,,,,,cc,cc-pv5z,0.11511212,0.02014423,,,
exp2_observables,RESULT,gto_wf,water,cc-pvqz,,,,,,,,,,,,,,,,,,,,,,,,,,,,,,,,,,,,,,,,,,,,,,,,,,,,,,cc,cc-pv5z,0.07867940,0.01843212,,,
exp2_observables,RESULT,gto_wf,water,cc-pv5z,,,,,,,,,,,,,,,,,,,,,,,,,,,,,,,,,,,,,,,,,,,,,,,,,,,,,,cc,cc-pv5z,0.09070859,nan,,,
exp2_observables,RESULT,obs,water,,,,,-76.27993662,,,,,24,,,-76.27993662,0.00000000,True,,,,cc-pv5z,polished,1.68717173,1.85498000,mu_0,n/a,-167.80827141,1.85908000,-171.90827141,-0.25695877,0.50053440,0.75749316,76.03536683,"276.5191,0.3100,0.3905",14.23713115,0.10518714,cc-pvqz,0.10518695,0.31812805,0.05523718,,,,,,,,,,,,,,,,dftax,cc,cc-pv5z,0.31956118,0.10518695,,,
exp2_observables,RESULT,obs,water,,,,,-76.38665197,,,,,58,,,-76.38665197,0.00000000,True,,,,cc-pv5z,polished,1.79058410,1.85498000,mu_0,n/a,-64.39590002,1.85908000,-68.49590002,-0.26910369,0.03885929,0.30796299,76.15791642,"307.6763,0.4580,0.4486",3.34106134,0.00816300,cc-pvqz,0.02113346,0.06750737,0.05523718,,,,,,,,,,,,,,,,dftax,cc,cc-pv5z,0.10942073,0.02659512,,,
exp2_observables,RESULT,obs,water,,,,,-76.38943717,,,,,115,,,-76.38943717,0.00000000,True,,,,cc-pv5z,polished,1.79022483,1.85498000,mu_0,n/a,-64.75517246,1.85908000,-68.85517246,-0.26736138,-0.01195720,0.25540418,76.16119775,"309.9381,0.4616,0.4602",3.15484417,0.00214170,cc-pvqz,0.01406485,0.03117664,0.05523718,,,,,,,,,,,,,,,,dftax,cc,cc-pv5z,0.10200853,0.01952652,,,
exp2_observables,RESULT,gto_wf,ethanol,cc-pvdz,,,,,,,,,,,,,,,,,,,,,,,,,,,,,,,,,,,,,,,,,,,,,,,,,,,,,,cc,cc-pvtz,0.52842252,0.02115305,,,
exp2_observables,RESULT,gto_wf,ethanol,cc-pvtz,,,,,,,,,,,,,,,,,,,,,,,,,,,,,,,,,,,,,,,,,,,,,,,,,,,,,,cc,cc-pvtz,0.25287970,0.01515598,,,
exp2_observables,RESULT,gto_wf,ethanol,cc-pvqz,,,,,,,,,,,,,,,,,,,,,,,,,,,,,,,,,,,,,,,,,,,,,,,,,,,,,,cc,cc-pvtz,0.28425860,nan,,,
exp2_observables,RESULT,gto_wf,ethanol,cc-pv5z,,,,,,,,,,,,,,,,,,,,,,,,,,,,,,,,,,,,,,,,,,,,,,,,,,,,,,cc,cc-pvtz,0.29750911,nan,,,
exp2_observables,RESULT,obs,ethanol,,,,,-154.68461921,,,,,72,,,-154.68461921,0.00000000,True,,,,cc-pv5z,polished,0.93839330,1.44100000,mu_0,anti,-502.60670145,nan,nan,-0.21599769,0.19734472,0.41334242,154.07359964,"115.1467,115.6524,281.4473,0.3191,0.4359,0.3923,0.4382,0.4509,0.4066",9.23148872,0.15287991,cc-pvtz,0.16044920,0.78015149,0.06561301,,,,,,,,,,,,,,,,dftax,cc,cc-pvtz,0.77081211,0.15267152,,,
exp2_observables,RESULT,obs,ethanol,,,,,-154.91474065,,,,,174,,,-154.91474065,0.00000000,True,,,,cc-pv5z,polished,1.52091981,1.44100000,mu_0,anti,79.91981036,nan,nan,-0.23055956,0.04922175,0.27978131,154.36095392,"125.0945,125.0170,307.6918,0.4517,0.4669,0.4672,0.4643,0.4862,0.4724",1.44207674,0.00913292,cc-pvtz,0.01622113,0.14173977,0.06561301,,,,,,,,,,,,,,,,dftax,cc,cc-pvtz,0.32300910,0.02244781,,,
exp2_observables,RESULT,obs,ethanol,,,,,-154.92780915,,,,,345,,,-154.92780915,0.00000000,True,,,,cc-pv5z,polished,1.58215339,1.44100000,mu_0,anti,141.15338951,nan,nan,-0.22708841,-0.00058651,0.22650191,154.36475852,"125.8241,125.7092,309.9136,0.4557,0.4680,0.4768,0.4785,0.4967,0.4908",1.08198923,0.00335328,cc-pvtz,0.01328915,0.05754438,0.06561301,,,,,,,,,,,,,,,,dftax,cc,cc-pvtz,0.30400268,0.01705819,,,
exp2_observables,RESULT,gto_wf,alanine_dipeptide,cc-pvdz,,,,,,,,,,,,,,,,,,,,,,,,,,,,,,,,,,,,,,,,,,,,,,,,,,,,,,mp2,cc-pvtz,1.74771525,nan,,,
exp2_observables,RESULT,gto_wf,alanine_dipeptide,cc-pvtz,,,,,,,,,,,,,,,,,,,,,,,,,,,,,,,,,,,,,,,,,,,,,,,,,,,,,,mp2,cc-pvtz,1.54417726,nan,,,
exp2_observables,RESULT,gto_wf,alanine_dipeptide,cc-pvqz,,,,,,,,,,,,,,,,,,,,,,,,,,,,,,,,,,,,,,,,,,,,,,,,,,,,,,mp2,cc-pvtz,1.52035981,nan,,,
exp2_observables,RESULT,obs,alanine_dipeptide,,,,,-494.73032354,,,,,200,,,-494.73032354,0.00000000,True,,,,cc-pvqz,raw,4.09082543,nan,none,n/a,nan,nan,nan,-0.19618304,0.03987779,0.23606083,492.46579542,"115.5457,115.3310,281.6630,175.5301,115.1287,115.5490,108.4698,279.2270,182.9581,115.9624,0.3802,0.3665,0.4090,0.3341,0.4073,0.4400,0.4390,0.3706,0.2868,0.3826,0.4266,0.4321",8.10682862,0.35366464,cc-pvqz,0.35679105,1.91264491,nan,,,,,,,,,,,,,,,,pyscf,mp2,cc-pvtz,2.24163915,,,,
exp2_observables,RESULT,obs,alanine_dipeptide,,,,,-495.46010940,,,,,468,,,-495.46010940,0.00000000,True,,,,cc-pvqz,raw,3.97645319,nan,none,n/a,nan,nan,nan,-0.21749750,-0.02297970,0.19451780,493.48956839,"125.0563,125.2242,308.2727,202.6552,124.7989,125.0694,123.4884,308.0479,202.3417,124.8651,0.4641,0.4586,0.4605,0.4572,0.4582,0.4476,0.4618,0.4587,0.4543,0.4731,0.4649,0.4667",2.01959143,0.06152417,cc-pvqz,0.06212773,0.62005592,nan,,,,,,,,,,,,,,,,pyscf,mp2,cc-pvtz,1.55773941,,,,
exp2_observables,RESULT,obs,alanine_dipeptide,,,,,-495.49412201,,,,,910,,,-495.49412201,0.00000000,True,,,,cc-pvqz,raw,4.09786193,nan,none,n/a,nan,nan,nan,-0.21372478,-0.03360770,0.18011708,493.51257848,"125.5151,125.8181,309.6106,203.7137,125.5733,125.5595,125.8978,310.7079,203.5521,125.6686,0.4685,0.4675,0.4655,0.4594,0.4676,0.4694,0.4699,0.4682,0.4567,0.4751,0.4677,0.4779",1.70858560,0.01434436,cc-pvqz,0.02346969,0.27877323,nan,,,,,,,,,,,,,,,,pyscf,mp2,cc-pvtz,1.53597336,,,,
exp2_observables,RESULT,gto_wf,alanine_dipeptide,cc-pvdz,,,,,,,,,,,,,,,,,,,,,,,,,,,,,,,,,,,,,,,,,,,,,,,,,,,,,,mp2,cc-pvtz,1.74771525,0.02212463,,,
exp2_observables,RESULT,gto_wf,alanine_dipeptide,cc-pvtz,,,,,,,,,,,,,,,,,,,,,,,,,,,,,,,,,,,,,,,,,,,,,,,,,,,,,,mp2,cc-pvtz,1.54417726,0.01446737,,,
exp2_observables,RESULT,gto_wf,alanine_dipeptide,cc-pvqz,,,,,,,,,,,,,,,,,,,,,,,,,,,,,,,,,,,,,,,,,,,,,,,,,,,,,,mp2,cc-pvtz,1.52035981,0.01307785,,,
exp2_observables,RESULT,obs,alanine_dipeptide,,,,,-494.73032354,,,,,200,,,-494.73032354,0.00000000,True,,,,cc-pvqz,raw,4.09082543,nan,none,n/a,nan,nan,nan,-0.19618304,0.03987779,0.23606083,492.46579542,"115.5457,115.3310,281.6630,175.5301,115.1287,115.5490,108.4698,279.2270,182.9581,115.9624,0.3802,0.3665,0.4090,0.3341,0.4073,0.4400,0.4390,0.3706,0.2868,0.3826,0.4266,0.4321",8.10682862,0.35366464,cc-pvqz,0.35679105,1.91264491,nan,,,,,,,,,,,,,,,,pyscf,mp2,cc-pvtz,2.24163915,0.34779674,,,
exp2_observables,RESULT,obs,alanine_dipeptide,,,,,-495.46010940,,,,,468,,,-495.46010940,0.00000000,True,,,,cc-pvqz,raw,3.97645319,nan,none,n/a,nan,nan,nan,-0.21749750,-0.02297970,0.19451780,493.48956839,"125.0563,125.2242,308.2727,202.6552,124.7989,125.0694,123.4884,308.0479,202.3417,124.8651,0.4641,0.4586,0.4605,0.4572,0.4582,0.4476,0.4618,0.4587,0.4543,0.4731,0.4649,0.4667",2.01959143,0.06152417,cc-pvqz,0.06212773,0.62005592,nan,,,,,,,,,,,,,,,,pyscf,mp2,cc-pvtz,1.55773941,0.06158067,,,
exp2_observables,RESULT,obs,alanine_dipeptide,,,,,-495.49412201,,,,,910,,,-495.49412201,0.00000000,True,,,,cc-pvqz,raw,4.09786193,nan,none,n/a,nan,nan,nan,-0.21372478,-0.03360770,0.18011708,493.51257848,"125.5151,125.8181,309.6106,203.7137,125.5733,125.5595,125.8978,310.7079,203.5521,125.6686,0.4685,0.4675,0.4655,0.4594,0.4676,0.4694,0.4699,0.4682,0.4567,0.4751,0.4677,0.4779",1.70858560,0.01434436,cc-pvqz,0.02346969,0.27877323,nan,,,,,,,,,,,,,,,,pyscf,mp2,cc-pvtz,1.53597336,0.02555383,,,
exp2_observables,RESULT,obs,alanine_dipeptide,,,,,-494.73032354,,,,,200,,,,,,,,,cc-pvqz,raw,4.09082543,nan,none,n/a,nan,nan,nan,-0.19618304,0.03987779,0.23606083,492.46579542,"115.5457,115.3310,281.6630,175.5301,115.1287,115.5490,108.4698,279.2270,182.9581,115.9624,0.3802,0.3665,0.4090,0.3341,0.4073,0.4400,0.4390,0.3706,0.2868,0.3826,0.4266,0.4321",8.10682862,0.35366464,cc-pvqz,0.35679105,1.91264491,nan,,,,,,,,,,,,,,,,pyscf,mp2,cc-pvtz,2.24163915,0.34779674,,,
exp2_observables,RESULT,obs,alanine_dipeptide,,,,,-495.46010940,,,,,468,,,,,,,,,cc-pvqz,raw,3.97645319,nan,none,n/a,nan,nan,nan,-0.21749750,-0.02297970,0.19451780,493.48956839,"125.0563,125.2242,308.2727,202.6552,124.7989,125.0694,123.4884,308.0479,202.3417,124.8651,0.4641,0.4586,0.4605,0.4572,0.4582,0.4476,0.4618,0.4587,0.4543,0.4731,0.4649,0.4667",2.01959143,0.06152417,cc-pvqz,0.06212773,0.62005592,nan,,,,,,,,,,,,,,,,pyscf,mp2,cc-pvtz,1.55773941,0.06158067,,,
exp2_observables,RESULT,obs,alanine_dipeptide,,,,,-495.49412201,,,,,910,,,,,,,,,cc-pvqz,raw,4.09786193,nan,none,n/a,nan,nan,nan,-0.21372478,-0.03360770,0.18011708,493.51257848,"125.5151,125.8181,309.6106,203.7137,125.5733,125.5595,125.8978,310.7079,203.5521,125.6686,0.4685,0.4675,0.4655,0.4594,0.4676,0.4694,0.4699,0.4682,0.4567,0.4751,0.4677,0.4779",1.70858560,0.01434436,cc-pvqz,0.02346969,0.27877323,nan,,,,,,,,,,,,,,,,pyscf,mp2,cc-pvtz,1.53597336,0.02555383,,,
exp2_observables,RESULT,obs,ethanol,,,,,-154.91474065,,,,,174,,,,,,,,,cc-pv5z,polished,1.52091981,1.44100000,mu_0,anti,79.91981036,nan,nan,-0.23055956,0.04922175,0.27978131,154.36095392,"125.0945,125.0170,307.6918,0.4517,0.4669,0.4672,0.4643,0.4862,0.4724",1.44207674,0.00915902,cc-pv5z,0.01622113,0.14173977,0.06561301,,,,,,,,,,,,,,,,pyscf,cc,cc-pvtz,0.32300910,0.02244781,,,
exp2_observables,RESULT,obs,ethanol,,,,,-154.92780915,,,,,345,,,,,,,,,cc-pv5z,polished,1.58215339,1.44100000,mu_0,anti,141.15338951,nan,nan,-0.22708841,-0.00058651,0.22650191,154.36475852,"125.8241,125.7092,309.9136,0.4557,0.4680,0.4768,0.4785,0.4967,0.4908",1.08198923,0.00376939,cc-pv5z,0.01328915,0.05754438,0.06561301,,,,,,,,,,,,,,,,pyscf,cc,cc-pvtz,0.30400268,0.01705819,,,
exp2_observables,RESULT,obs,ethanol,,,,,-154.92053988,,,,,432,,,,,,,,,cc-pv5z,raw,1.57110127,1.44100000,mu_0,anti,130.10127343,nan,nan,-0.22641243,-0.00239449,0.22401793,154.36512314,"125.8245,125.9517,310.7848,0.4503,0.4658,0.4805,0.4714,0.4943,0.4915",0.80741763,0.00477097,cc-pv5z,0.01369423,0.04839527,0.06561301,,,,,,,,,,,,,,,,pyscf,cc,cc-pvtz,0.30085227,0.01630488,,,
exp2_observables,RESULT,obs,ethanol,,,,,-154.68461921,,,,,72,,,,,,,,,cc-pv5z,polished,0.93839330,1.44100000,mu_0,anti,-502.60670145,nan,nan,-0.21599769,0.19734472,0.41334242,154.07359964,"115.1467,115.6524,281.4473,0.3191,0.4359,0.3923,0.4382,0.4509,0.4066",9.23148872,0.15272392,cc-pv5z,0.16044920,0.78015149,0.06561301,,,,,,,,,,,,,,,,pyscf,cc,cc-pvtz,0.77081211,0.15267152,,,
exp2_observables,RESULT,obs,water,,,,,-76.38943717,,,,,115,,,,,,,,,cc-pv5z,polished,1.79022483,1.85498000,mu_0,n/a,-64.75517246,1.85908000,-68.85517246,-0.26736138,-0.01195720,0.25540418,76.16119775,"309.9381,0.4616,0.4602",3.15484417,0.00214170,cc-pvqz,0.01406485,0.03117664,0.05523718,,,,,,,,,,,,,,,,dftax,cc,cc-pv5z,0.10200853,0.01952652,,,
exp2_observables,RESULT,obs,water,,,,,-76.38980810,,,,,192,,,,,,,,,cc-pv5z,raw,1.79498117,1.85498000,mu_0,n/a,-59.99882939,1.85908000,-64.09882939,-0.26660792,-0.02230327,0.24430465,76.16153030,"310.6481,0.4578,0.4584",2.96231024,0.00170150,cc-pvqz,0.01392130,0.02822932,0.05523718,,,,,,,,,,,,,,,,dftax,cc,cc-pv5z,0.09980455,0.01938296,,,
exp2_observables,RESULT,obs,water,,,,,-76.27993662,,,,,24,,,,,,,,,cc-pv5z,polished,1.68717173,1.85498000,mu_0,n/a,-167.80827141,1.85908000,-171.90827141,-0.25695877,0.50053440,0.75749316,76.03536683,"276.5191,0.3100,0.3905",14.23713115,0.10518714,cc-pvqz,0.10518695,0.31812805,0.05523718,,,,,,,,,,,,,,,,dftax,cc,cc-pv5z,0.31956118,0.10518695,,,
exp2_observables,RESULT,obs,water,,,,,-76.38665197,,,,,58,,,,,,,,,cc-pv5z,polished,1.79058410,1.85498000,mu_0,n/a,-64.39590002,1.85908000,-68.49590002,-0.26910369,0.03885929,0.30796299,76.15791642,"307.6763,0.4580,0.4486",3.34106134,0.00816300,cc-pvqz,0.02113346,0.06750737,0.05523718,,,,,,,,,,,,,,,,dftax,cc,cc-pv5z,0.10942073,0.02659512,,,
exp2_observables,RESULT,obs_selfref,water,,,,,-76.27993662,,,,,24,,,,,,,,,splatcbs,,,,,,,,,,,,,,,,,,,,,,,,,,,,,,,,,,,,,,,,0.34895259,0.10348565,0.44181607
exp2_observables,RESULT,obs_selfref,water,,,,,-76.38665197,,,,,58,,,,,,,,,splatcbs,,,,,,,,,,,,,,,,,,,,,,,,,,,,,,,,,,,,,,,,0.08471116,0.00721514,0.44181607
exp2_observables,RESULT,obs_selfref,water,,,,,-76.38943717,,,,,115,,,,,,,,,splatcbs,,,,,,,,,,,,,,,,,,,,,,,,,,,,,,,,,,,,,,,,0.03556060,0.00384319,0.44181607
exp2_observables,RESULT,obs_selfref,water,,,,,-76.38980810,,,,,192,,,,,,,,,splatcbs,,,,,,,,,,,,,,,,,,,,,,,,,,,,,,,,,,,,,,,,0.02105411,0.00199052,0.44181607
exp2_observables,RESULT,gto_selfref,water,cc-pvdz,,,,,,,,,,,,,,,,,,splatcbs,,,,,,,,,,,,,,,,,,,,,,,,,,,,,,,,,,,,,,,,0.40869097,0.02889161,0.44181607
exp2_observables,RESULT,gto_selfref,water,cc-pvtz,,,,,,,,,,,,,,,,,,splatcbs,,,,,,,,,,,,,,,,,,,,,,,,,,,,,,,,,,,,,,,,0.28322219,0.03876983,0.44181607
exp2_observables,RESULT,gto_selfref,water,cc-pvqz,,,,,,,,,,,,,,,,,,splatcbs,,,,,,,,,,,,,,,,,,,,,,,,,,,,,,,,,,,,,,,,0.09009202,0.00170150,0.44181607
exp2_observables,RESULT,gto_selfref,water,cc-pv5z,,,,,,,,,,,,,,,,,,splatcbs,,,,,,,,,,,,,,,,,,,,,,,,,,,,,,,,,,,,,,,,0.04781316,nan,0.44181607
exp2_observables,RESULT,obs_selfref,ethanol,,,,,-154.68461921,,,,,72,,,,,,,,,splatcbs,,,,,,,,,,,,,,,,,,,,,,,,,,,,,,,,,,,,,,,,0.90876701,0.15334503,0.44199033
exp2_observables,RESULT,obs_selfref,ethanol,,,,,-154.91474065,,,,,174,,,,,,,,,splatcbs,,,,,,,,,,,,,,,,,,,,,,,,,,,,,,,,,,,,,,,,0.26566164,0.02048801,0.44199033
exp2_observables,RESULT,obs_selfref,ethanol,,,,,-154.92780915,,,,,345,,,,,,,,,splatcbs,,,,,,,,,,,,,,,,,,,,,,,,,,,,,,,,,,,,,,,,0.12798921,0.01426534,0.44199033
exp2_observables,RESULT,gto_selfref,ethanol,cc-pvdz,,,,,,,,,,,,,,,,,,splatcbs,,,,,,,,,,,,,,,,,,,,,,,,,,,,,,,,,,,,,,,,0.85707087,0.03286878,0.44199033
exp2_observables,RESULT,gto_selfref,ethanol,cc-pvtz,,,,,,,,,,,,,,,,,,splatcbs,,,,,,,,,,,,,,,,,,,,,,,,,,,,,,,,,,,,,,,,0.27955960,0.01486622,0.44199033
exp2_observables,RESULT,gto_selfref,ethanol,cc-pvqz,,,,,,,,,,,,,,,,,,splatcbs,,,,,,,,,,,,,,,,,,,,,,,,,,,,,,,,,,,,,,,,0.20958075,0.01450652,0.44199033
exp2_observables,RESULT,gto_selfref,ethanol,cc-pv5z,,,,,,,,,,,,,,,,,,splatcbs,,,,,,,,,,,,,,,,,,,,,,,,,,,,,,,,,,,,,,,,0.17547665,0.01449301,0.44199033
exp2_observables,RESULT,obs_selfref,alanine_dipeptide,,,,,-494.73032354,,,,,200,,,,,,,,,splatcbs,,,,,,,,,,,,,,,,,,,,,,,,,,,,,,,,,,,,,,,,3.11732731,0.36417108,0.38096602
exp2_observables,RESULT,obs_selfref,alanine_dipeptide,,,,,-495.46010940,,,,,468,,,,,,,,,splatcbs,,,,,,,,,,,,,,,,,,,,,,,,,,,,,,,,,,,,,,,,1.77157141,0.11766848,0.38096602
exp2_observables,RESULT,obs_selfref,alanine_dipeptide,,,,,-495.49412201,,,,,910,,,,,,,,,splatcbs,,,,,,,,,,,,,,,,,,,,,,,,,,,,,,,,,,,,,,,,1.23208024,0.06816831,0.38096602
exp2_observables,RESULT,gto_selfref,alanine_dipeptide,cc-pvdz,,,,,,,,,,,,,,,,,,splatcbs,,,,,,,,,,,,,,,,,,,,,,,,,,,,,,,,,,,,,,,,2.64626681,0.07153825,0.38096602
exp2_observables,RESULT,gto_selfref,alanine_dipeptide,cc-pvtz,,,,,,,,,,,,,,,,,,splatcbs,,,,,,,,,,,,,,,,,,,,,,,,,,,,,,,,,,,,,,,,1.64814160,0.07003539,0.38096602
exp2_observables,RESULT,gto_selfref,alanine_dipeptide,cc-pvqz,,,,,,,,,,,,,,,,,,splatcbs,,,,,,,,,,,,,,,,,,,,,,,,,,,,,,,,,,,,,,,,1.46715230,0.07001299,0.38096602
