_source,_record,kind,system,R,basis,nao,E,converged,wall_s,phase,M,seed,peak_gpu_mb,peak_train_mb,E_grid5,grid_bias_mha,steps,mol
exp3_lih_dissociation,RESULT,gto,lif,1.50000000,cc-pvdz,28,-107.29989373,True,19.92000000,,,,,,,,,
exp3_lih_dissociation,RESULT,gto,lif,1.50000000,cc-pvqz,110,-107.35331767,True,36.23000000,,,,,,,,,
exp3_lih_dissociation,RESULT,gto,lif,1.50000000,cc-pvtz,60,-107.34069965,True,31.20000000,,,,,,,,,
exp3_lih_dissociation,RESULT,gto,lif,1.55000000,cc-pvdz,28,-107.30245985,True,11.71000000,,,,,,,,,
exp3_lih_dissociation,RESULT,gto,lif,1.55000000,cc-pvqz,110,-107.35504625,True,21.15000000,,,,,,,,,
exp3_lih_dissociation,RESULT,gto,lif,1.55000000,cc-pvtz,60,-107.34286853,True,18.54000000,,,,,,,,,
exp3_lih_dissociation,RESULT,gto,lif,1.60000000,cc-pvdz,28,-107.30284781,True,11.65000000,,,,,,,,,
exp3_lih_dissociation,RESULT,gto,lif,1.60000000,cc-pvqz,110,-107.35506568,True,21.02000000,,,,,,,,,
exp3_lih_dissociation,RESULT,gto,lif,1.60000000,cc-pvtz,60,-107.34339677,True,18.53000000,,,,,,,,,
exp3_lih_dissociation,RESULT,gto,lif,1.65000000,cc-pvdz,28,-107.30161237,True,11.66000000,,,,,,,,,
exp3_lih_dissociation,RESULT,gto,lif,1.65000000,cc-pvqz,110,-107.35378885,True,21.24000000,,,,,,,,,
exp3_lih_dissociation,RESULT,gto,lif,1.65000000,cc-pvtz,60,-107.34258403,True,18.53000000,,,,,,,,,
exp3_lih_dissociation,RESULT,gto,lif,1.70000000,cc-pvdz,28,-107.29927510,True,11.63000000,,,,,,,,,
exp3_lih_dissociation,RESULT,gto,lif,1.70000000,cc-pvqz,110,-107.35160056,True,21.03000000,,,,,,,,,
exp3_lih_dissociation,RESULT,gto,lif,1.70000000,cc-pvtz,60,-107.34067446,True,18.17000000,,,,,,,,,
exp3_lih_dissociation,RESULT,gto,lif,1.75000000,cc-pvdz,28,-107.29611554,True,11.73000000,,,,,,,,,
exp3_lih_dissociation,RESULT,gto,lif,1.75000000,cc-pvqz,110,-107.34869815,True,21.05000000,,,,,,,,,
exp3_lih_dissociation,RESULT,gto,lif,1.75000000,cc-pvtz,60,-107.33788451,True,18.32000000,,,,,,,,,
exp3_lih_dissociation,RESULT,splat,lif,1.50000000,,,-107.35503318,,126,cold,60,0,530,341,-107.35544635,0.41317135,,
exp3_lih_dissociation,RESULT,splat,lif,1.50000000,,,-107.35668000,,100,cold,60,1,208,208,-107.35712038,0.44038081,,
exp3_lih_dissociation,RESULT,splat,lif,1.50000000,,,-107.35561744,,101,cold,60,2,208,208,-107.35599049,0.37304575,,
exp3_lih_dissociation,RESULT,splat,lif,1.55000000,,,-107.35698280,,102,cold,60,0,208,208,-107.35711754,0.13474055,,
exp3_lih_dissociation,RESULT,splat,lif,1.55000000,,,-107.35787014,,101,cold,60,1,208,208,-107.35804752,0.17737712,,
exp3_lih_dissociation,RESULT,splat,lif,1.55000000,,,-107.35802401,,101,cold,60,2,208,208,-107.35823634,0.21232613,,
exp3_lih_dissociation,RESULT,splat,lif,1.60000000,,,-107.35662856,,101,cold,60,0,208,208,-107.35658764,-0.04092075,,
exp3_lih_dissociation,RESULT,splat,lif,1.60000000,,,-107.35568068,,101,cold,60,1,208,208,-107.35563534,-0.04533544,,
exp3_lih_dissociation,RESULT,splat,lif,1.60000000,,,-107.35834984,,101,cold,60,2,208,208,-107.35838278,0.03294276,,
exp3_lih_dissociation,RESULT,splat,lif,1.65000000,,,-107.35472855,,102,cold,60,0,208,208,-107.35468049,-0.04805283,,
exp3_lih_dissociation,RESULT,splat,lif,1.65000000,,,-107.35622106,,101,cold,60,1,208,208,-107.35615012,-0.07094796,,
exp3_lih_dissociation,RESULT,splat,lif,1.65000000,,,-107.35736008,,100,cold,60,2,208,208,-107.35730234,-0.05774322,,
exp3_lih_dissociation,RESULT,splat,lif,1.70000000,,,-107.35247695,,101,cold,60,0,208,208,-107.35243193,-0.04502391,,
exp3_lih_dissociation,RESULT,splat,lif,1.70000000,,,-107.35211491,,102,cold,60,1,208,208,-107.35204120,-0.07370582,,
exp3_lih_dissociation,RESULT,splat,lif,1.70000000,,,-107.35517861,,99,cold,60,2,208,208,-107.35510538,-0.07322910,,
exp3_lih_dissociation,RESULT,splat,lif,1.75000000,,,-107.34929700,,99,cold,60,0,208,208,-107.34931466,0.01766524,,
exp3_lih_dissociation,RESULT,splat,lif,1.75000000,,,-107.35121687,,99,cold,60,1,208,208,-107.35120974,-0.00713342,,
exp3_lih_dissociation,RESULT,splat,lif,1.75000000,,,-107.35156837,,99,cold,60,2,208,208,-107.35153488,-0.03348761,,
exp3_lih_dissociation,RESULT,splat,lif,1.75000000,,,-107.33004196,,53,warm,60,0,,,-107.33004009,-0.00186469,4000,
exp3_lih_dissociation,RESULT,splat,lif,1.70000000,,,-107.34747094,,20,warm,60,0,,,-107.34741983,-0.05111314,2000,
exp3_lih_dissociation,RESULT,splat,lif,1.65000000,,,-107.35469073,,20,warm,60,0,,,-107.35464614,-0.04458756,2000,
exp3_lih_dissociation,RESULT,splat,lif,1.60000000,,,-107.35630819,,20,warm,60,0,,,-107.35630844,0.00024738,2000,
exp3_lih_dissociation,RESULT,splat,lif,1.55000000,,,-107.35653167,,20,warm,60,0,,,-107.35668332,0.15165641,2000,
exp3_lih_dissociation,RESULT,splat,lif,1.50000000,,,-107.35509088,,20,warm,60,0,,,-107.35551548,0.42459870,2000,
exp3_lih_dissociation,RESULT,splat,lif,1.50000000,,,-107.33338640,,69,warm,60,0,,,-107.33377248,0.38608360,4000,
exp3_lih_dissociation,RESULT,splat,lif,1.55000000,,,-107.35093921,,35,warm,60,0,,,-107.35103431,0.09510209,2000,
exp3_lih_dissociation,RESULT,splat,lif,1.60000000,,,-107.35489578,,20,warm,60,0,,,-107.35488333,-0.01245131,2000,
exp3_lih_dissociation,RESULT,splat,lif,1.65000000,,,-107.35596331,,20,warm,60,0,,,-107.35592761,-0.03569293,2000,
exp3_lih_dissociation,RESULT,splat,lif,1.70000000,,,-107.35415504,,20,warm,60,0,,,-107.35413271,-0.02233178,2000,
exp3_lih_dissociation,RESULT,splat,lif,1.75000000,,,-107.35159088,,19,warm,60,0,,,-107.35163037,0.03948802,2000,
exp3_lih_dissociation,RESULT,splat,lif,1.75000000,,,-107.32543643,,51,warm,60,1,,,-107.32542443,-0.01199353,4000,
exp3_lih_dissociation,RESULT,splat,lif,1.70000000,,,-107.33820131,,20,warm,60,1,,,-107.33816708,-0.03423720,2000,
exp3_lih_dissociation,RESULT,splat,lif,1.65000000,,,-107.35092593,,20,warm,60,1,,,-107.35086641,-0.05951943,2000,
exp3_lih_dissociation,RESULT,splat,lif,1.60000000,,,-107.35510190,,20,warm,60,1,,,-107.35509009,-0.01181433,2000,
exp3_lih_dissociation,RESULT,splat,lif,1.55000000,,,-107.35807280,,20,warm,60,1,,,-107.35821974,0.14694149,2000,
exp3_lih_dissociation,RESULT,splat,lif,1.50000000,,,-107.35756517,,20,warm,60,1,,,-107.35798206,0.41689243,2000,
exp3_lih_dissociation,RESULT,splat,lif,1.50000000,,,-107.32864338,,52,warm,60,1,,,-107.32906245,0.41907126,4000,
exp3_lih_dissociation,RESULT,splat,lif,1.55000000,,,-107.35146263,,20,warm,60,1,,,-107.35161543,0.15279347,2000,
exp3_lih_dissociation,RESULT,splat,lif,1.60000000,,,-107.35776530,,20,warm,60,1,,,-107.35781176,0.04645774,2000,
exp3_lih_dissociation,RESULT,splat,lif,1.65000000,,,-107.36025212,,20,warm,60,1,,,-107.36028175,0.02962953,2000,
exp3_lih_dissociation,RESULT,splat,lif,1.70000000,,,-107.35515004,,20,warm,60,1,,,-107.35508099,-0.06905037,2000,
exp3_lih_dissociation,RESULT,splat,lif,1.75000000,,,-107.35273729,,20,warm,60,1,,,-107.35270523,-0.03206059,2000,
exp3_lih_dissociation,RESULT,gto,,1.000,aug-cc-pvdz,32,-7.9468491194,True,2.65,,,,,,,,,
exp3_lih_dissociation,RESULT,gto,,1.000,cc-pvdz,19,-7.9457057211,True,1.83,,,,,,,,,
exp3_lih_dissociation,RESULT,gto,,1.300,aug-cc-pvdz,32,-8.0264886526,True,2.64,,,,,,,,,
exp3_lih_dissociation,RESULT,gto,,1.300,cc-pvdz,19,-8.0255719883,True,1.71,,,,,,,,,
exp3_lih_dissociation,RESULT,gto,,1.600,aug-cc-pvdz,32,-8.0426562521,True,2.64,,,,,,,,,
exp3_lih_dissociation,RESULT,gto,,1.600,cc-pvdz,19,-8.0419767336,True,1.69,,,,,,,,,
exp3_lih_dissociation,RESULT,gto,,2.000,aug-cc-pvdz,32,-8.0321840732,True,2.69,,,,,,,,,
exp3_lih_dissociation,RESULT,gto,,2.000,cc-pvdz,19,-8.0316057645,True,1.77,,,,,,,,,
exp3_lih_dissociation,RESULT,gto,,2.500,aug-cc-pvdz,32,-8.0073194651,True,3.36,,,,,,,,,
exp3_lih_dissociation,RESULT,gto,,2.500,cc-pvdz,19,-8.0065085522,True,2.14,,,,,,,,,
exp3_lih_dissociation,RESULT,gto,,3.000,aug-cc-pvdz,32,-7.9843332132,True,4.39,,,,,,,,,
exp3_lih_dissociation,RESULT,gto,,3.000,cc-pvdz,19,-7.9831323017,True,2.51,,,,,,,,,
exp3_lih_dissociation,RESULT,gto,,3.500,aug-cc-pvdz,32,-7.9666904027,True,5.16,,,,,,,,,
exp3_lih_dissociation,RESULT,gto,,3.500,cc-pvdz,19,-7.9649521694,True,3.45,,,,,,,,,
exp3_lih_dissociation,RESULT,gto,,4.000,aug-cc-pvdz,32,-7.9540163029,True,6.11,,,,,,,,,
exp3_lih_dissociation,RESULT,gto,,4.000,cc-pvdz,19,-7.9516606356,True,2.49,,,,,,,,,
exp3_lih_dissociation,RESULT,gto,,4.500,aug-cc-pvdz,32,-7.9451986558,True,4.68,,,,,,,,,
exp3_lih_dissociation,RESULT,gto,,4.500,cc-pvdz,19,-7.9422338805,True,3.75,,,,,,,,,
exp3_lih_dissociation,RESULT,gto,,5.000,aug-cc-pvdz,32,-7.9391838129,True,6.17,,,,,,,,,
exp3_lih_dissociation,RESULT,gto,,5.000,cc-pvdz,19,-7.9356894559,True,3.55,,,,,,,,,
exp3_lih_dissociation,RESULT,gto,,6.000,aug-cc-pvdz,32,-7.9324163288,True,56.65,,,,,,,,,
exp3_lih_dissociation,RESULT,gto,,6.000,cc-pvdz,19,-7.8908315086,True,35.59,,,,,,,,,
exp3_lih_dissociation,RESULT,gto,lih,1.00000000,aug-cc-pvdz,32,-7.94685707,True,8.11000000,,,,,,,,,
exp3_lih_dissociation,RESULT,gto,lih,1.00000000,cc-pvdz,19,-7.94587218,True,8.74000000,,,,,,,,,
exp3_lih_dissociation,RESULT,gto,lih,1.30000000,aug-cc-pvdz,32,-8.02650093,True,3.04000000,,,,,,,,,
exp3_lih_dissociation,RESULT,gto,lih,1.30000000,cc-pvdz,19,-8.02572726,True,2.89000000,,,,,,,,,
exp3_lih_dissociation,RESULT,gto,lih,1.60000000,aug-cc-pvdz,32,-8.04265472,True,3.06000000,,,,,,,,,
exp3_lih_dissociation,RESULT,gto,lih,1.60000000,cc-pvdz,19,-8.04207188,True,2.83000000,,,,,,,,,
exp3_lih_dissociation,RESULT,gto,lih,2.00000000,aug-cc-pvdz,32,-8.03218434,True,3.07000000,,,,,,,,,
exp3_lih_dissociation,RESULT,gto,lih,2.00000000,cc-pvdz,19,-8.03164998,True,2.83000000,,,,,,,,,
exp3_lih_dissociation,RESULT,gto,lih,2.50000000,aug-cc-pvdz,32,-8.00733969,True,3.06000000,,,,,,,,,
exp3_lih_dissociation,RESULT,gto,lih,2.50000000,cc-pvdz,19,-8.00654190,True,2.84000000,,,,,,,,,
exp3_lih_dissociation,RESULT,gto,lih,3.00000000,aug-cc-pvdz,32,-7.98437501,True,3.10000000,,,,,,,,,
exp3_lih_dissociation,RESULT,gto,lih,3.00000000,cc-pvdz,19,-7.98317517,True,2.83000000,,,,,,,,,
exp3_lih_dissociation,RESULT,gto,lih,3.50000000,aug-cc-pvdz,32,-7.96675360,True,3.08000000,,,,,,,,,
exp3_lih_dissociation,RESULT,gto,lih,3.50000000,cc-pvdz,19,-7.96501137,True,2.83000000,,,,,,,,,
exp3_lih_dissociation,RESULT,gto,lih,4.00000000,aug-cc-pvdz,32,-7.95409705,True,3.19000000,,,,,,,,,
exp3_lih_dissociation,RESULT,gto,lih,4.00000000,cc-pvdz,19,-7.95172749,True,2.83000000,,,,,,,,,
exp3_lih_dissociation,RESULT,gto,lih,4.50000000,aug-cc-pvdz,32,-7.94529398,False,3.42000000,,,,,,,,,
exp3_lih_dissociation,RESULT,gto,lih,4.50000000,cc-pvdz,19,-7.94229400,True,2.80000000,,,,,,,,,
exp3_lih_dissociation,RESULT,gto,lih,5.00000000,aug-cc-pvdz,32,-7.93928905,True,3.16000000,,,,,,,,,
exp3_lih_dissociation,RESULT,gto,lih,5.00000000,cc-pvdz,19,-7.93573623,False,3.12000000,,,,,,,,,
exp3_lih_dissociation,RESULT,gto,lih,6.00000000,aug-cc-pvdz,32,-7.93252373,False,3.45000000,,,,,,,,,
exp3_lih_dissociation,RESULT,gto,lih,6.00000000,cc-pvdz,19,-7.92819123,False,3.14000000,,,,,,,,,
exp3_lih_dissociation,RESULT,gto,lih,1.00000000,aug-cc-pvdz,32,-7.94685707,True,8.11000000,,,,,,,,,
exp3_lih_dissociation,RESULT,gto,,1.000,aug-cc-pvqz,126,-7.9530883293,True,4.46,,,,,,,,,lih
exp3_lih_dissociation,RESULT,gto,,1.000,aug-cc-pvtz,69,-7.9518964594,True,3.91,,,,,,,,,lih
exp3_lih_dissociation,RESULT,gto,lih,1.00000000,cc-pvdz,19,-7.94587218,True,8.74000000,,,,,,,,,
exp3_lih_dissociation,RESULT,gto,,1.000,cc-pvqz,85,-7.9529309908,True,4.90,,,,,,,,,lih
exp3_lih_dissociation,RESULT,gto,,1.000,cc-pvtz,44,-7.9515183773,True,3.25,,,,,,,,,lih
exp3_lih_dissociation,RESULT,gto,lih,1.30000000,aug-cc-pvdz,32,-8.02650093,True,3.04000000,,,,,,,,,
exp3_lih_dissociation,RESULT,gto,,1.300,aug-cc-pvqz,126,-8.0314517471,True,6.66,,,,,,,,,lih
exp3_lih_dissociation,RESULT,gto,,1.300,aug-cc-pvtz,69,-8.0305637369,True,2.94,,,,,,,,,lih
exp3_lih_dissociation,RESULT,gto,lih,1.30000000,cc-pvdz,19,-8.02572726,True,2.89000000,,,,,,,,,
exp3_lih_dissociation,RESULT,gto,,1.300,cc-pvqz,85,-8.0311635008,True,3.04,,,,,,,,,lih
exp3_lih_dissociation,RESULT,gto,,1.300,cc-pvtz,44,-8.0301224216,True,2.77,,,,,,,,,lih
exp3_lih_dissociation,RESULT,gto,lih,1.60000000,aug-cc-pvdz,32,-8.04265472,True,3.06000000,,,,,,,,,
exp3_lih_dissociation,RESULT,gto,,1.600,aug-cc-pvqz,126,-8.0468084962,True,6.33,,,,,,,,,lih
exp3_lih_dissociation,RESULT,gto,,1.600,aug-cc-pvtz,69,-8.0460240099,True,4.39,,,,,,,,,lih
exp3_lih_dissociation,RESULT,gto,lih,1.60000000,cc-pvdz,19,-8.04207188,True,2.83000000,,,,,,,,,
exp3_lih_dissociation,RESULT,gto,,1.600,cc-pvqz,85,-8.0464140872,True,4.80,,,,,,,,,lih
exp3_lih_dissociation,RESULT,gto,,1.600,cc-pvtz,44,-8.0455352338,True,4.40,,,,,,,,,lih
exp3_lih_dissociation,RESULT,gto,lih,2.00000000,aug-cc-pvdz,32,-8.03218434,True,3.07000000,,,,,,,,,
exp3_lih_dissociation,RESULT,gto,,2.000,aug-cc-pvqz,126,-8.0351893087,True,5.99,,,,,,,,,lih
exp3_lih_dissociation,RESULT,gto,,2.000,aug-cc-pvtz,69,-8.0345091490,True,3.65,,,,,,,,,lih
exp3_lih_dissociation,RESULT,gto,lih,2.00000000,cc-pvdz,19,-8.03164998,True,2.83000000,,,,,,,,,
exp3_lih_dissociation,RESULT,gto,,2.000,cc-pvqz,85,-8.0350353400,True,7.97,,,,,,,,,lih
exp3_lih_dissociation,RESULT,gto,,2.000,cc-pvtz,44,-8.0341283969,True,6.42,,,,,,,,,lih
exp3_lih_dissociation,RESULT,gto,lih,2.50000000,aug-cc-pvdz,32,-8.00733969,True,3.06000000,,,,,,,,,
exp3_lih_dissociation,RESULT,gto,,2.500,aug-cc-pvqz,126,-8.0095686060,True,8.56,,,,,,,,,lih
exp3_lih_dissociation,RESULT,gto,,2.500,aug-cc-pvtz,69,-8.0090871425,True,4.41,,,,,,,,,lih
exp3_lih_dissociation,RESULT,gto,lih,2.50000000,cc-pvdz,19,-8.00654190,True,2.84000000,,,,,,,,,
exp3_lih_dissociation,RESULT,gto,,2.500,cc-pvqz,85,-8.0093510814,True,5.08,,,,,,,,,lih
exp3_lih_dissociation,RESULT,gto,,2.500,cc-pvtz,44,-8.0086641306,True,4.17,,,,,,,,,lih
exp3_lih_dissociation,RESULT,gto,lih,3.00000000,aug-cc-pvdz,32,-7.98437501,True,3.10000000,,,,,,,,,
exp3_lih_dissociation,RESULT,gto,,3.000,aug-cc-pvqz,126,-7.9863401746,True,13.24,,,,,,,,,lih
exp3_lih_dissociation,RESULT,gto,,3.000,aug-cc-pvtz,69,-7.9859796761,True,5.97,,,,,,,,,lih
exp3_lih_dissociation,RESULT,gto,lih,3.00000000,cc-pvdz,19,-7.98317517,True,2.83000000,,,,,,,,,
exp3_lih_dissociation,RESULT,gto,,3.000,cc-pvqz,85,-7.9860791857,True,7.67,,,,,,,,,lih
exp3_lih_dissociation,RESULT,gto,,3.000,cc-pvtz,44,-7.9854026242,True,4.36,,,,,,,,,lih
exp3_lih_dissociation,RESULT,gto,lih,3.50000000,aug-cc-pvdz,32,-7.96675360,True,3.08000000,,,,,,,,,
exp3_lih_dissociation,RESULT,gto,,3.500,aug-cc-pvqz,126,-7.9686307890,True,11.52,,,,,,,,,lih
exp3_lih_dissociation,RESULT,gto,,3.500,aug-cc-pvtz,69,-7.9682609552,True,5.96,,,,,,,,,lih
exp3_lih_dissociation,RESULT,gto,lih,3.50000000,cc-pvdz,19,-7.96501137,True,2.83000000,,,,,,,,,
exp3_lih_dissociation,RESULT,gto,,3.500,cc-pvqz,85,-7.9682833284,True,10.09,,,,,,,,,lih
exp3_lih_dissociation,RESULT,gto,,3.500,cc-pvtz,44,-7.9675305339,True,9.91,,,,,,,,,lih
exp3_lih_dissociation,RESULT,gto,lih,4.00000000,aug-cc-pvdz,32,-7.95409705,True,3.19000000,,,,,,,,,
exp3_lih_dissociation,RESULT,gto,,4.000,aug-cc-pvqz,126,-7.9559664238,True,14.55,,,,,,,,,lih
exp3_lih_dissociation,RESULT,gto,,4.000,aug-cc-pvtz,69,-7.9555884572,True,7.48,,,,,,,,,lih
exp3_lih_dissociation,RESULT,gto,lih,4.00000000,cc-pvdz,19,-7.95172749,True,2.83000000,,,,,,,,,
exp3_lih_dissociation,RESULT,gto,,4.000,cc-pvqz,85,-7.9554950581,True,13.21,,,,,,,,,lih
exp3_lih_dissociation,RESULT,gto,,4.000,cc-pvtz,44,-7.9546362133,True,10.55,,,,,,,,,lih
exp3_lih_dissociation,RESULT,gto,lih,4.50000000,aug-cc-pvdz,32,-7.94529398,False,3.42000000,,,,,,,,,
exp3_lih_dissociation,RESULT,gto,,4.500,aug-cc-pvqz,126,-7.9471684499,True,14.73,,,,,,,,,lih
exp3_lih_dissociation,RESULT,gto,,4.500,aug-cc-pvtz,69,-7.9467997145,True,8.10,,,,,,,,,lih
exp3_lih_dissociation,RESULT,gto,lih,4.50000000,cc-pvdz,19,-7.94229400,True,2.80000000,,,,,,,,,
exp3_lih_dissociation,RESULT,gto,,4.500,cc-pvqz,85,-7.9465754378,True,12.47,,,,,,,,,lih
exp3_lih_dissociation,RESULT,gto,,4.500,cc-pvtz,44,-7.9455926799,True,13.56,,,,,,,,,lih
exp3_lih_dissociation,RESULT,gto,lih,5.00000000,aug-cc-pvdz,32,-7.93928905,True,3.16000000,,,,,,,,,
exp3_lih_dissociation,RESULT,gto,,5.000,aug-cc-pvqz,126,-7.9411716164,True,22.70,,,,,,,,,lih
exp3_lih_dissociation,RESULT,gto,,5.000,aug-cc-pvtz,69,-7.9408002088,True,36.62,,,,,,,,,lih
exp3_lih_dissociation,RESULT,gto,lih,5.00000000,cc-pvdz,19,-7.93573623,False,3.12000000,,,,,,,,,
exp3_lih_dissociation,RESULT,gto,,5.000,cc-pvqz,85,-7.9404545323,True,64.99,,,,,,,,,lih
exp3_lih_dissociation,RESULT,gto,,5.000,cc-pvtz,44,-7.9393486484,True,15.19,,,,,,,,,lih
exp3_lih_dissociation,RESULT,gto,lih,6.00000000,aug-cc-pvdz,32,-7.93252373,False,3.45000000,,,,,,,,,
exp3_lih_dissociation,RESULT,gto,,6.000,aug-cc-pvqz,126,-7.5974645665,True,185.14,,,,,,,,,lih
exp3_lih_dissociation,RESULT,gto,,6.000,aug-cc-pvtz,69,-7.8700677966,True,101.43,,,,,,,,,lih
exp3_lih_dissociation,RESULT,gto,lih,6.00000000,cc-pvdz,19,-7.92819123,False,3.14000000,,,,,,,,,
exp3_lih_dissociation,RESULT,gto,,6.000,cc-pvqz,85,-7.5833464186,True,116.80,,,,,,,,,lih
exp3_lih_dissociation,RESULT,gto,,6.000,cc-pvtz,44,-7.9321998999,True,33.06,,,,,,,,,lih
exp3_lih_dissociation,RESULT,gto,,1.200,aug-cc-pvdz,46,-107.2288325100,True,3.19,,,,,,,,,lif
exp3_lih_dissociation,RESULT,gto,,1.200,aug-cc-pvqz,160,-107.2771390196,True,7.32,,,,,,,,,lif
exp3_lih_dissociation,RESULT,gto,,1.200,aug-cc-pvtz,92,-107.2649176002,True,3.63,,,,,,,,,lif
exp3_lih_dissociation,RESULT,gto,,1.200,cc-pvdz,28,-107.2000311571,True,1.93,,,,,,,,,lif
exp3_lih_dissociation,RESULT,gto,,1.200,cc-pvqz,110,-107.2763845674,True,8.69,,,,,,,,,lif
exp3_lih_dissociation,RESULT,gto,,1.200,cc-pvtz,60,-107.2606951863,True,3.06,,,,,,,,,lif
exp3_lih_dissociation,RESULT,gto,,1.500,aug-cc-pvdz,46,-107.3144057596,True,2.94,,,,,,,,,lif
exp3_lih_dissociation,RESULT,gto,,1.500,aug-cc-pvqz,160,-107.3545262635,True,11.85,,,,,,,,,lif
exp3_lih_dissociation,RESULT,gto,,1.500,aug-cc-pvtz,92,-107.3446303400,True,4.69,,,,,,,,,lif
exp3_lih_dissociation,RESULT,gto,,1.500,cc-pvdz,28,-107.2995454513,True,1.56,,,,,,,,,lif
exp3_lih_dissociation,RESULT,gto,,1.500,cc-pvqz,110,-107.3535416227,True,7.21,,,,,,,,,lif
exp3_lih_dissociation,RESULT,gto,,1.500,cc-pvtz,60,-107.3410124587,True,3.00,,,,,,,,,lif
exp3_lih_dissociation,RESULT,gto,,1.800,aug-cc-pvdz,46,-107.3096031936,True,3.05,,,,,,,,,lif
exp3_lih_dissociation,RESULT,gto,,1.800,aug-cc-pvqz,160,-107.3466298013,True,8.77,,,,,,,,,lif
exp3_lih_dissociation,RESULT,gto,,1.800,aug-cc-pvtz,92,-107.3379693219,True,7.25,,,,,,,,,lif
exp3_lih_dissociation,RESULT,gto,,1.800,cc-pvdz,28,-107.2915194242,True,1.70,,,,,,,,,lif
exp3_lih_dissociation,RESULT,gto,,1.800,cc-pvqz,110,-107.3451036419,True,11.51,,,,,,,,,lif
exp3_lih_dissociation,RESULT,gto,,1.800,cc-pvtz,60,-107.3335720722,True,3.20,,,,,,,,,lif
exp3_lih_dissociation,RESULT,gto,,2.200,aug-cc-pvdz,46,-107.2777331305,True,3.31,,,,,,,,,lif
exp3_lih_dissociation,RESULT,gto,,2.200,aug-cc-pvqz,160,-107.3127113909,True,12.75,,,,,,,,,lif
exp3_lih_dissociation,RESULT,gto,,2.200,aug-cc-pvtz,92,-107.3045390591,True,5.99,,,,,,,,,lif
exp3_lih_dissociation,RESULT,gto,,2.200,cc-pvdz,28,-107.2527780074,True,1.63,,,,,,,,,lif
exp3_lih_dissociation,RESULT,gto,,2.200,cc-pvqz,110,-107.3099017847,True,6.80,,,,,,,,,lif
exp3_lih_dissociation,RESULT,gto,,2.200,cc-pvtz,60,-107.2975058378,True,3.29,,,,,,,,,lif
exp3_lih_dissociation,RESULT,gto,,2.800,aug-cc-pvdz,46,-107.2323203038,True,3.35,,,,,,,,,lif
exp3_lih_dissociation,RESULT,gto,,2.800,aug-cc-pvqz,160,-107.2659865939,True,9.93,,,,,,,,,lif
exp3_lih_dissociation,RESULT,gto,,2.800,aug-cc-pvtz,92,-107.2582790348,True,8.35,,,,,,,,,lif
exp3_lih_dissociation,RESULT,gto,,2.800,cc-pvdz,28,-107.1973378037,True,2.43,,,,,,,,,lif
exp3_lih_dissociation,RESULT,gto,,2.800,cc-pvqz,110,-107.2606646403,True,11.02,,,,,,,,,lif
exp3_lih_dissociation,RESULT,gto,,2.800,cc-pvtz,60,-107.2462911523,True,3.87,,,,,,,,,lif
exp3_lih_dissociation,RESULT,gto,,3.500,aug-cc-pvdz,46,-107.1960778718,True,5.17,,,,,,,,,lif
exp3_lih_dissociation,RESULT,gto,,3.500,aug-cc-pvqz,160,-107.2295315129,True,18.06,,,,,,,,,lif
exp3_lih_dissociation,RESULT,gto,,3.500,aug-cc-pvtz,92,-107.2217700264,True,13.08,,,,,,,,,lif
exp3_lih_dissociation,RESULT,gto,,3.500,cc-pvdz,28,-106.0400875712,False,0.0,,,,,,,,,lif
exp3_lih_dissociation,RESULT,gto,,3.500,cc-pvqz,110,-107.2219869321,True,13.31,,,,,,,,,lif
exp3_lih_dissociation,RESULT,gto,,3.500,cc-pvtz,60,-107.2057563093,True,7.22,,,,,,,,,lif
exp3_lih_dissociation,RESULT,gto,,4.500,aug-cc-pvdz,46,-107.1684635349,True,59.73,,,,,,,,,lif
exp3_lih_dissociation,RESULT,gto,,4.500,aug-cc-pvqz,160,-107.2019275279,True,200.30,,,,,,,,,lif
exp3_lih_dissociation,RESULT,gto,,4.500,aug-cc-pvtz,92,-107.1941568240,True,142.33,,,,,,,,,lif
exp3_lih_dissociation,RESULT,gto,,4.500,cc-pvdz,28,-107.1218102735,True,39.27,,,,,,,,,lif
exp3_lih_dissociation,RESULT,gto,,4.500,cc-pvqz,110,-107.1925453008,True,194.78,,,,,,,,,lif
exp3_lih_dissociation,RESULT,gto,,4.500,cc-pvtz,60,-107.1751267123,True,66.73,,,,,,,,,lif
exp3_lih_dissociation,RESULT,gto,,6.000,aug-cc-pvdz,46,-107.1511108649,True,63.54,,,,,,,,,lif
exp3_lih_dissociation,RESULT,gto,,6.000,aug-cc-pvqz,160,-107.1527258832,True,266.11,,,,,,,,,lif
exp3_lih_dissociation,RESULT,gto,,6.000,aug-cc-pvtz,92,-106.5009865342,True,127.71,,,,,,,,,lif
exp3_lih_dissociation,RESULT,gto,,6.000,cc-pvdz,28,-107.1055486956,True,45.19,,,,,,,,,lif
exp3_lih_dissociation,RESULT,gto,,6.000,cc-pvqz,110,-106.4732202464,True,194.65,,,,,,,,,lif
exp3_lih_dissociation,RESULT,gto,,6.000,cc-pvtz,60,-107.1577157354,True,63.42,,,,,,,,,lif
exp3_lih_dissociation,RESULT,gto,,1.200,aug-cc-pvdz,46,-107.2288325100,True,3.19,,,,,,,,,lif
exp3_lih_dissociation,RESULT,gto,,1.200,cc-pvdz,28,-107.2000311571,True,1.93,,,,,,,,,lif
exp3_lih_dissociation,RESULT,gto,,1.200,cc-pvtz,60,-107.2606951863,True,3.06,,,,,,,,,lif
exp3_lih_dissociation,RESULT,gto,,1.500,aug-cc-pvdz,46,-107.3144057596,True,2.94,,,,,,,,,lif
exp3_lih_dissociation,RESULT,gto,,1.500,cc-pvdz,28,-107.2995454513,True,1.56,,,,,,,,,lif
exp3_lih_dissociation,RESULT,gto,,1.500,cc-pvtz,60,-107.3410124587,True,3.00,,,,,,,,,lif
exp3_lih_dissociation,RESULT,gto,,1.800,aug-cc-pvdz,46,-107.3096031936,True,3.05,,,,,,,,,lif
exp3_lih_dissociation,RESULT,gto,,1.800,cc-pvdz,28,-107.2915194242,True,1.70,,,,,,,,,lif
exp3_lih_dissociation,RESULT,gto,,1.800,cc-pvtz,60,-107.3335720722,True,3.20,,,,,,,,,lif
exp3_lih_dissociation,RESULT,gto,,2.200,aug-cc-pvdz,46,-107.2777331305,True,3.31,,,,,,,,,lif
exp3_lih_dissociation,RESULT,gto,,2.200,cc-pvdz,28,-107.2527780074,True,1.63,,,,,,,,,lif
exp3_lih_dissociation,RESULT,gto,,2.200,cc-pvtz,60,-107.2975058378,True,3.29,,,,,,,,,lif
exp3_lih_dissociation,RESULT,gto,,2.800,aug-cc-pvdz,46,-107.2323203038,True,3.35,,,,,,,,,lif
exp3_lih_dissociation,RESULT,gto,,2.800,cc-pvdz,28,-107.1973378037,True,2.43,,,,,,,,,lif
exp3_lih_dissociation,RESULT,gto,,2.800,cc-pvtz,60,-107.2462911523,True,3.87,,,,,,,,,lif
exp3_lih_dissociation,RESULT,gto,,3.500,aug-cc-pvdz,46,-107.1960778718,True,5.17,,,,,,,,,lif
exp3_lih_dissociation,RESULT,gto,,3.500,cc-pvdz,28,-106.0400875712,False,0.0,,,,,,,,,lif
exp3_lih_dissociation,RESULT,gto,,3.500,cc-pvtz,60,-107.2057563093,True,7.22,,,,,,,,,lif
exp3_lih_dissociation,RESULT,gto,,4.500,aug-cc-pvdz,46,-107.1684635349,True,59.73,,,,,,,,,lif
exp3_lih_dissociation,RESULT,gto,,4.500,cc-pvdz,28,-107.1218102735,True,39.27,,,,,,,,,lif
exp3_lih_dissociation,RESULT,gto,,4.500,cc-pvtz,60,-107.1751267123,True,66.73,,,,,,,,,lif
exp3_lih_dissociation,RESULT,gto,,6.000,aug-cc-pvdz,46,-107.1511108649,True,63.54,,,,,,,,,lif
exp3_lih_dissociation,RESULT,gto,,6.000,cc-pvdz,28,-107.1055486956,True,45.19,,,,,,,,,lif
exp3_lih_dissociation,RESULT,gto,,6.000,cc-pvtz,60,-107.1577157354,True,63.42,,,,,,,,,lif
exp3_lih_dissociation,RESULT,splat_warm,,1.200,,,-106.9734042987,,70,,28,,,,-106.9733510526,-0.05,4000,lif
exp3_lih_dissociation,RESULT,splat_warm,,1.200,,,-107.0053585502,,71,,28,,,,-107.0052769356,-0.08,4000,lif
exp3_lih_dissociation,RESULT,splat_warm,,1.200,,,-107.0493256978,,71,,28,,,,-107.0492580498,-0.07,4000,lif
exp3_lih_dissociation,RESULT,splat_warm,,1.200,,,-107.0744861417,,70,,28,,,,-107.0745393393,+0.05,4000,lif
exp3_lih_dissociation,RESULT,splat_warm,,1.200,,,-107.1688920386,,130,,28,,,,-107.1690381014,+0.15,12000,lif
exp3_lih_dissociation,RESULT,splat_warm,,1.200,,,-107.2361840781,,110,,42,,,,-107.2361717291,-0.01,8000,lif
exp3_lih_dissociation,RESULT,splat_warm,,1.200,,,-107.2508551784,,81,,56,,,,-107.2509203554,+0.07,4000,lif
exp3_lih_dissociation,RESULT,splat_warm,,1.200,,,-107.2668806640,,99,,84,,,,-107.2669285396,+0.05,4000,lif
exp3_lih_dissociation,RESULT,splat_warm,,1.500,,,-107.0595699423,,38,,28,,,,-107.0596837122,+0.11,2000,lif
exp3_lih_dissociation,RESULT,splat_warm,,1.500,,,-107.1625034281,,38,,28,,,,-107.1625495754,+0.05,2000,lif
exp3_lih_dissociation,RESULT,splat_warm,,1.500,,,-107.1654397664,,38,,28,,,,-107.1654125262,-0.03,2000,lif
exp3_lih_dissociation,RESULT,splat_warm,,1.500,,,-107.1945068168,,38,,28,,,,-107.1945780955,+0.07,2000,lif
exp3_lih_dissociation,RESULT,splat_warm,,1.500,,,-107.2543294359,,68,,28,,,,-107.2543101539,-0.02,6000,lif
exp3_lih_dissociation,RESULT,splat_warm,,1.500,,,-107.3128392931,,56,,42,,,,-107.3129128618,+0.07,4000,lif
exp3_lih_dissociation,RESULT,splat_warm,,1.500,,,-107.3413517480,,43,,56,,,,-107.3413927130,+0.04,2000,lif
exp3_lih_dissociation,RESULT,splat_warm,,1.500,,,-107.3567355652,,52,,84,,,,-107.3567703531,+0.03,2000,lif
exp3_lih_dissociation,RESULT,splat_warm,,1.800,,,-107.0768209303,,38,,28,,,,-107.0768133865,-0.01,2000,lif
exp3_lih_dissociation,RESULT,splat_warm,,1.800,,,-107.1581060450,,38,,28,,,,-107.1581172864,+0.01,2000,lif
exp3_lih_dissociation,RESULT,splat_warm,,1.800,,,-107.1979477769,,38,,28,,,,-107.1979602933,+0.01,2000,lif
exp3_lih_dissociation,RESULT,splat_warm,,1.800,,,-107.2125157806,,38,,28,,,,-107.2125430245,+0.03,2000,lif
exp3_lih_dissociation,RESULT,splat_warm,,1.800,,,-107.2624113417,,68,,28,,,,-107.2624135476,+0.00,6000,lif
exp3_lih_dissociation,RESULT,splat_warm,,1.800,,,-107.3081022259,,56,,42,,,,-107.3080959097,-0.01,4000,lif
exp3_lih_dissociation,RESULT,splat_warm,,1.800,,,-107.3365565868,,43,,56,,,,-107.3365461078,-0.01,2000,lif
exp3_lih_dissociation,RESULT,splat_warm,,1.800,,,-107.3500595720,,52,,84,,,,-107.3500534475,-0.01,2000,lif
exp3_lih_dissociation,RESULT,splat_warm,,2.200,,,-107.1268485328,,38,,28,,,,-107.1268577176,+0.01,2000,lif
exp3_lih_dissociation,RESULT,splat_warm,,2.200,,,-107.1364002230,,38,,28,,,,-107.1363754799,-0.02,2000,lif
exp3_lih_dissociation,RESULT,splat_warm,,2.200,,,-107.2029936852,,38,,28,,,,-107.2029739593,-0.02,2000,lif
exp3_lih_dissociation,RESULT,splat_warm,,2.200,,,-107.2107964470,,39,,28,,,,-107.2107927810,-0.00,2000,lif
exp3_lih_dissociation,RESULT,splat_warm,,2.200,,,-107.2299132246,,68,,28,,,,-107.2298974465,-0.02,6000,lif
exp3_lih_dissociation,RESULT,splat_warm,,2.200,,,-107.2749698753,,56,,42,,,,-107.2750052420,+0.04,4000,lif
exp3_lih_dissociation,RESULT,splat_warm,,2.200,,,-107.3032023740,,43,,56,,,,-107.3032018015,-0.00,2000,lif
exp3_lih_dissociation,RESULT,splat_warm,,2.200,,,-107.3302039504,,52,,84,,,,-107.3305224142,+0.32,2000,lif
exp3_lih_dissociation,RESULT,splat_warm,,2.800,,,-107.0796437521,,38,,28,,,,-107.0796577575,+0.01,2000,lif
exp3_lih_dissociation,RESULT,splat_warm,,2.800,,,-107.0964350952,,38,,28,,,,-107.0964512230,+0.02,2000,lif
exp3_lih_dissociation,RESULT,splat_warm,,2.800,,,-107.1600417013,,38,,28,,,,-107.1600544974,+0.01,2000,lif
exp3_lih_dissociation,RESULT,splat_warm,,2.800,,,-107.1790642996,,39,,28,,,,-107.1790575900,-0.01,2000,lif
exp3_lih_dissociation,RESULT,splat_warm,,2.800,,,-107.1831466502,,68,,28,,,,-107.1831670960,+0.02,6000,lif
exp3_lih_dissociation,RESULT,splat_warm,,2.800,,,-107.2412652452,,56,,42,,,,-107.2412528009,-0.01,4000,lif
exp3_lih_dissociation,RESULT,splat_warm,,2.800,,,-107.2582383860,,43,,56,,,,-107.2582467611,+0.01,2000,lif
exp3_lih_dissociation,RESULT,splat_warm,,2.800,,,-107.2924185646,,52,,84,,,,-107.2927936184,+0.38,2000,lif
exp3_lih_dissociation,RESULT,splat_warm,,3.500,,,-107.0455577222,,38,,28,,,,-107.0455238741,-0.03,2000,lif
exp3_lih_dissociation,RESULT,splat_warm,,3.500,,,-107.0744447603,,38,,28,,,,-107.0744338895,-0.01,2000,lif
exp3_lih_dissociation,RESULT,splat_warm,,3.500,,,-107.1235301169,,38,,28,,,,-107.1235342300,+0.00,2000,lif
exp3_lih_dissociation,RESULT,splat_warm,,3.500,,,-107.1427061507,,68,,28,,,,-107.1426964671,-0.01,6000,lif
exp3_lih_dissociation,RESULT,splat_warm,,3.500,,,-107.1494238135,,38,,28,,,,-107.1494358035,+0.01,2000,lif
exp3_lih_dissociation,RESULT,splat_warm,,3.500,,,-107.2105285692,,56,,42,,,,-107.2105759417,+0.05,4000,lif
exp3_lih_dissociation,RESULT,splat_warm,,3.500,,,-107.2237460418,,43,,56,,,,-107.2237252123,-0.02,2000,lif
exp3_lih_dissociation,RESULT,splat_warm,,3.500,,,-107.2354122721,,52,,84,,,,-107.2354439894,+0.03,2000,lif
exp3_lih_dissociation,RESULT,splat_warm,,4.500,,,-107.0201999478,,38,,28,,,,-107.0202068413,+0.01,2000,lif
exp3_lih_dissociation,RESULT,splat_warm,,4.500,,,-107.0485723042,,38,,28,,,,-107.0485498867,-0.02,2000,lif
exp3_lih_dissociation,RESULT,splat_warm,,4.500,,,-107.0972863107,,38,,28,,,,-107.0972542385,-0.03,2000,lif
exp3_lih_dissociation,RESULT,splat_warm,,4.500,,,-107.1105891289,,68,,28,,,,-107.1105773450,-0.01,6000,lif
exp3_lih_dissociation,RESULT,splat_warm,,4.500,,,-107.1226736866,,39,,28,,,,-107.1226429149,-0.03,2000,lif
exp3_lih_dissociation,RESULT,splat_warm,,4.500,,,-107.1978487592,,57,,42,,,,-107.1978705152,+0.02,4000,lif
exp3_lih_dissociation,RESULT,splat_warm,,4.500,,,-107.1973847922,,43,,56,,,,-107.1974016873,+0.02,2000,lif
exp3_lih_dissociation,RESULT,splat_warm,,4.500,,,-107.2081438078,,53,,84,,,,-107.2081750934,+0.03,2000,lif
exp3_lih_dissociation,RESULT,splat_warm,,6.000,,,-107.0047598831,,38,,28,,,,-107.0047161634,-0.04,2000,lif
exp3_lih_dissociation,RESULT,splat_warm,,6.000,,,-107.0326206461,,38,,28,,,,-107.0326145080,-0.01,2000,lif
exp3_lih_dissociation,RESULT,splat_warm,,6.000,,,-107.0816416624,,38,,28,,,,-107.0816856517,+0.04,2000,lif
exp3_lih_dissociation,RESULT,splat_warm,,6.000,,,-107.0891013614,,68,,28,,,,-107.0891217327,+0.02,6000,lif
exp3_lih_dissociation,RESULT,splat_warm,,6.000,,,-107.1031500574,,38,,28,,,,-107.1032165941,+0.07,2000,lif
exp3_lih_dissociation,RESULT,splat_warm,,6.000,,,-107.1837147878,,56,,42,,,,-107.1837434293,+0.03,4000,lif
exp3_lih_dissociation,RESULT,splat_warm,,6.000,,,-107.1806779420,,43,,56,,,,-107.1806978544,+0.02,2000,lif
exp3_lih_dissociation,RESULT,splat_warm,,6.000,,,-107.1916651418,,52,,84,,,,-107.1917491555,+0.08,2000,lif
exp3_lih_dissociation,RESULT,splat,lif,1.20000000,,,-106.19399800,,65,warm,28,0,,,-106.19431877,0.32077524,4000,
exp3_lih_dissociation,RESULT,splat,lif,1.50000000,,,-106.35229295,,32,warm,28,0,,,-106.35261037,0.31741308,2000,
exp3_lih_dissociation,RESULT,splat,lif,1.80000000,,,-106.41337752,,32,warm,28,0,,,-106.41334363,-0.03389535,2000,
exp3_lih_dissociation,RESULT,splat,lif,2.20000000,,,-106.45177288,,32,warm,28,0,,,-106.45179352,0.02063394,2000,
exp3_lih_dissociation,RESULT,splat,lif,2.80000000,,,-106.47618150,,32,warm,28,0,,,-106.47620902,0.02751673,2000,
exp3_lih_dissociation,RESULT,splat,lif,3.50000000,,,-106.48160837,,32,warm,28,0,,,-106.48151895,-0.08942199,2000,
exp3_lih_dissociation,RESULT,splat,lif,4.50000000,,,-106.47055286,,32,warm,28,0,,,-106.47053807,-0.01478694,2000,
exp3_lih_dissociation,RESULT,splat,lif,6.00000000,,,-106.44520029,,33,warm,28,0,,,-106.44529816,0.09786880,2000,
exp3_lih_dissociation,RESULT,splat_warm,,1.200,,,-107.1688920386,,130,,28,,,,-107.1690381014,+0.15,12000,lif
exp3_lih_dissociation,RESULT,splat_warm,,1.500,,,-107.2543294359,,68,,28,,,,-107.2543101539,-0.02,6000,lif
exp3_lih_dissociation,RESULT,splat_warm,,1.800,,,-107.2624113417,,68,,28,,,,-107.2624135476,+0.00,6000,lif
exp3_lih_dissociation,RESULT,splat_warm,,2.200,,,-107.2299132246,,68,,28,,,,-107.2298974465,-0.02,6000,lif
exp3_lih_dissociation,RESULT,splat_warm,,2.800,,,-107.1831466502,,68,,28,,,,-107.1831670960,+0.02,6000,lif
exp3_lih_dissociation,RESULT,splat_warm,,3.500,,,-107.1427061507,,68,,28,,,,-107.1426964671,-0.01,6000,lif
exp3_lih_dissociation,RESULT,splat_warm,,4.500,,,-107.1105891289,,68,,28,,,,-107.1105773450,-0.01,6000,lif
exp3_lih_dissociation,RESULT,splat_warm,,6.000,,,-107.0891013614,,68,,28,,,,-107.0891217327,+0.02,6000,lif
exp3_lih_dissociation,RESULT,splat_warm,,1.200,,,-107.0493256978,,71,,28,,,,-107.0492580498,-0.07,4000,lif
exp3_lih_dissociation,RESULT,splat_warm,,1.500,,,-107.1625034281,,38,,28,,,,-107.1625495754,+0.05,2000,lif
exp3_lih_dissociation,RESULT,splat_warm,,1.800,,,-107.1979477769,,38,,28,,,,-107.1979602933,+0.01,2000,lif
exp3_lih_dissociation,RESULT,splat_warm,,2.200,,,-107.2107964470,,39,,28,,,,-107.2107927810,-0.00,2000,lif
exp3_lih_dissociation,RESULT,splat_warm,,2.800,,,-107.1790642996,,39,,28,,,,-107.1790575900,-0.01,2000,lif
exp3_lih_dissociation,RESULT,splat_warm,,3.500,,,-107.1494238135,,38,,28,,,,-107.1494358035,+0.01,2000,lif
exp3_lih_dissociation,RESULT,splat_warm,,4.500,,,-107.1226736866,,39,,28,,,,-107.1226429149,-0.03,2000,lif
exp3_lih_dissociation,RESULT,splat_warm,,6.000,,,-107.1031500574,,38,,28,,,,-107.1032165941,+0.07,2000,lif
exp3_lih_dissociation,RESULT,splat_warm,,1.200,,,-106.9734042987,,70,,28,,,,-106.9733510526,-0.05,4000,lif
exp3_lih_dissociation,RESULT,splat_warm,,1.500,,,-107.0595699423,,38,,28,,,,-107.0596837122,+0.11,2000,lif
exp3_lih_dissociation,RESULT,splat_warm,,1.800,,,-107.0768209303,,38,,28,,,,-107.0768133865,-0.01,2000,lif
exp3_lih_dissociation,RESULT,splat_warm,,2.200,,,-107.1268485328,,38,,28,,,,-107.1268577176,+0.01,2000,lif
exp3_lih_dissociation,RESULT,splat_warm,,2.800,,,-107.0796437521,,38,,28,,,,-107.0796577575,+0.01,2000,lif
exp3_lih_dissociation,RESULT,splat_warm,,3.500,,,-107.0455577222,,38,,28,,,,-107.0455238741,-0.03,2000,lif
exp3_lih_dissociation,RESULT,splat_warm,,4.500,,,-107.0201999478,,38,,28,,,,-107.0202068413,+0.01,2000,lif
exp3_lih_dissociation,RESULT,splat_warm,,6.000,,,-107.0047598831,,38,,28,,,,-107.0047161634,-0.04,2000,lif
exp3_lih_dissociation,RESULT,splat_warm,,1.200,,,-107.0744861417,,70,,28,,,,-107.0745393393,+0.05,4000,lif
exp3_lih_dissociation,RESULT,splat_warm,,1.500,,,-107.1654397664,,38,,28,,,,-107.1654125262,-0.03,2000,lif
exp3_lih_dissociation,RESULT,splat_warm,,1.800,,,-107.1581060450,,38,,28,,,,-107.1581172864,+0.01,2000,lif
exp3_lih_dissociation,RESULT,splat_warm,,2.200,,,-107.1364002230,,38,,28,,,,-107.1363754799,-0.02,2000,lif
exp3_lih_dissociation,RESULT,splat_warm,,2.800,,,-107.0964350952,,38,,28,,,,-107.0964512230,+0.02,2000,lif
exp3_lih_dissociation,RESULT,splat_warm,,3.500,,,-107.0744447603,,38,,28,,,,-107.0744338895,-0.01,2000,lif
exp3_lih_dissociation,RESULT,splat_warm,,4.500,,,-107.0485723042,,38,,28,,,,-107.0485498867,-0.02,2000,lif
exp3_lih_dissociation,RESULT,splat_warm,,6.000,,,-107.0326206461,,38,,28,,,,-107.0326145080,-0.01,2000,lif
exp3_lih_dissociation,RESULT,splat_warm,,1.200,,,-107.2361840781,,110,,42,,,,-107.2361717291,-0.01,8000,lif
exp3_lih_dissociation,RESULT,splat_warm,,1.500,,,-107.3128392931,,56,,42,,,,-107.3129128618,+0.07,4000,lif
exp3_lih_dissociation,RESULT,splat_warm,,1.800,,,-107.3081022259,,56,,42,,,,-107.3080959097,-0.01,4000,lif
exp3_lih_dissociation,RESULT,splat_warm,,2.200,,,-107.2749698753,,56,,42,,,,-107.2750052420,+0.04,4000,lif
exp3_lih_dissociation,RESULT,splat_warm,,2.800,,,-107.2412652452,,56,,42,,,,-107.2412528009,-0.01,4000,lif
exp3_lih_dissociation,RESULT,splat_warm,,3.500,,,-107.2105285692,,56,,42,,,,-107.2105759417,+0.05,4000,lif
exp3_lih_dissociation,RESULT,splat_warm,,4.500,,,-107.1978487592,,57,,42,,,,-107.1978705152,+0.02,4000,lif
exp3_lih_dissociation,RESULT,splat_warm,,6.000,,,-107.1837147878,,56,,42,,,,-107.1837434293,+0.03,4000,lif
exp3_lih_dissociation,RESULT,splat,lif,1.20000000,,,-107.25374644,,78,warm,56,0,,,-107.25402374,0.27730056,4000,
exp3_lih_dissociation,RESULT,splat,lif,1.50000000,,,-107.33719906,,40,warm,56,0,,,-107.33751427,0.31521636,2000,
exp3_lih_dissociation,RESULT,splat,lif,1.80000000,,,-107.33630463,,40,warm,56,0,,,-107.33627544,-0.02918526,2000,
exp3_lih_dissociation,RESULT,splat,lif,2.20000000,,,-107.30544411,,40,warm,56,0,,,-107.30546845,0.02433485,2000,
exp3_lih_dissociation,RESULT,splat,lif,1.20000000,,,-107.27904182,,128,warm,60,0,,,-107.27931890,0.27707895,12000,
exp3_lih_dissociation,RESULT,splat,lif,1.50000000,,,-107.36902461,,102,warm,60,0,,,-107.36966946,0.64485209,12000,
exp3_lih_dissociation,RESULT,splat,lif,1.80000000,,,-107.35134570,,102,warm,60,0,,,-107.35133318,-0.01251492,12000,
exp3_lih_dissociation,RESULT,splat,lif,2.20000000,,,-107.31896377,,102,warm,60,0,,,-107.31900359,0.03981643,12000,
exp3_lih_dissociation,RESULT,splat,lif,2.80000000,,,-107.27244808,,102,warm,60,0,,,-107.27246027,0.01218896,12000,
exp3_lih_dissociation,RESULT,splat,lif,3.50000000,,,-107.23597583,,103,warm,60,0,,,-107.23591335,-0.06248083,12000,
exp3_lih_dissociation,RESULT,splat,lif,4.50000000,,,-107.20755519,,102,warm,60,0,,,-107.20763789,0.08269817,12000,
exp3_lih_dissociation,RESULT,splat,lif,6.00000000,,,-107.18943316,,103,warm,60,0,,,-107.18966270,0.22953673,12000,
exp3_lih_dissociation,RESULT,splat_warm,,1.200,,,-107.2668806640,,99,,84,,,,-107.2669285396,+0.05,4000,lif
exp3_lih_dissociation,RESULT,splat_warm,,1.500,,,-107.3567355652,,52,,84,,,,-107.3567703531,+0.03,2000,lif
exp3_lih_dissociation,RESULT,splat_warm,,1.800,,,-107.3500595720,,52,,84,,,,-107.3500534475,-0.01,2000,lif
exp3_lih_dissociation,RESULT,splat_warm,,2.200,,,-107.3302039504,,52,,84,,,,-107.3305224142,+0.32,2000,lif
exp3_lih_dissociation,RESULT,splat_warm,,2.800,,,-107.2924185646,,52,,84,,,,-107.2927936184,+0.38,2000,lif
exp3_lih_dissociation,RESULT,splat_warm,,3.500,,,-107.2354122721,,52,,84,,,,-107.2354439894,+0.03,2000,lif
exp3_lih_dissociation,RESULT,splat_warm,,4.500,,,-107.2081438078,,53,,84,,,,-107.2081750934,+0.03,2000,lif
exp3_lih_dissociation,RESULT,splat_warm,,6.000,,,-107.1916651418,,52,,84,,,,-107.1917491555,+0.08,2000,lif
exp3_lih_dissociation,RESULT,splat_warm,,1.200,,,-107.2603603398,,141,,110,,,,-107.2604035130,+0.04,4000,lif
exp3_lih_dissociation,RESULT,splat_warm,,1.500,,,-107.3653613349,,72,,110,,,,-107.3569093533,-8.45,2000,lif
exp3_lih_dissociation,RESULT,splat_warm,,1.800,,,-107.3700809857,,70,,110,,,,-107.3703583548,+0.28,2000,lif
exp3_lih_dissociation,RESULT,splat_warm,,2.200,,,-107.3201786858,,63,,110,,,,-107.3199195082,-0.26,2000,lif
exp3_lih_dissociation,RESULT,splat_warm,,2.800,,,-107.2712795030,,62,,110,,,,-107.2712447287,-0.03,2000,lif
exp3_lih_dissociation,RESULT,splat_warm,,3.500,,,-107.2365598473,,62,,110,,,,-107.2354887194,-1.07,2000,lif
exp3_lih_dissociation,RESULT,splat_warm,,4.500,,,-107.2097117903,,62,,110,,,,-107.2096774795,-0.03,2000,lif
exp3_lih_dissociation,RESULT,splat_warm,,6.000,,,-107.1931264570,,63,,110,,,,-107.1931005234,-0.03,2000,lif
exp3_lih_dissociation,RESULT,splat_warm,,1.200,,,-107.2338369518,,166,,60,,,,-107.2339097382,+0.07,4000,lif
exp3_lih_dissociation,RESULT,splat_warm,,1.500,,,-107.3315967706,,91,,60,,,,-107.3316082065,+0.01,2000,lif
exp3_lih_dissociation,RESULT,splat_warm,,1.800,,,-107.3318285286,,85,,60,,,,-107.3318497611,+0.02,2000,lif
exp3_lih_dissociation,RESULT,splat_warm,,2.200,,,-107.3087747229,,81,,60,,,,-107.3089400895,+0.17,2000,lif
exp3_lih_dissociation,RESULT,splat_warm,,2.800,,,-107.2639215756,,85,,60,,,,-107.2639250364,+0.00,2000,lif
exp3_lih_dissociation,RESULT,splat_warm,,3.500,,,-107.2299508913,,125,,60,,,,-107.2299353781,-0.02,2000,lif
exp3_lih_dissociation,RESULT,splat_warm,,4.500,,,-107.2033302956,,86,,60,,,,-107.2033262584,-0.00,2000,lif
exp3_lih_dissociation,RESULT,splat_warm,,6.000,,,-107.1860602617,,73,,60,,,,-107.1860556033,-0.00,2000,lif
exp3_lih_dissociation,RESULT,splat,lif,3.50000000,,,-106.48160837,,32,warm,28,0,,,-106.48151895,-0.08942199,2000,
exp3_lih_dissociation,RESULT,splat,lif,4.50000000,,,-106.47055286,,32,warm,28,0,,,-106.47053807,-0.01478694,2000,
exp3_lih_dissociation,RESULT,splat,lif,6.00000000,,,-106.44520029,,33,warm,28,0,,,-106.44529816,0.09786880,2000,
exp3_lih_dissociation,RESULT,gto,lif,1.50000000,cc-pvdz,28,-107.29989373,True,19.92000000,,,,,,,,,
exp3_lih_dissociation,RESULT,gto,lif,1.50000000,cc-pvtz,60,-107.34069965,True,31.20000000,,,,,,,,,
exp3_lih_dissociation,RESULT,gto,lif,1.50000000,cc-pvqz,110,-107.35331767,True,36.23000000,,,,,,,,,
exp3_lih_dissociation,RESULT,gto,lif,1.55000000,cc-pvdz,28,-107.30245985,True,11.71000000,,,,,,,,,
exp3_lih_dissociation,RESULT,gto,lif,1.55000000,cc-pvtz,60,-107.34286853,True,18.54000000,,,,,,,,,
exp3_lih_dissociation,RESULT,gto,lif,1.55000000,cc-pvqz,110,-107.35504625,True,21.15000000,,,,,,,,,
exp3_lih_dissociation,RESULT,gto,lif,1.60000000,cc-pvdz,28,-107.30284781,True,11.65000000,,,,,,,,,
exp3_lih_dissociation,RESULT,gto,lif,1.60000000,cc-pvtz,60,-107.34339677,True,18.53000000,,,,,,,,,
exp3_lih_dissociation,RESULT,gto,lif,1.60000000,cc-pvqz,110,-107.35506568,True,21.02000000,,,,,,,,,
exp3_lih_dissociation,RESULT,gto,lif,1.65000000,cc-pvdz,28,-107.30161237,True,11.66000000,,,,,,,,,
exp3_lih_dissociation,RESULT,gto,lif,1.65000000,cc-pvtz,60,-107.34258403,True,18.53000000,,,,,,,,,
exp3_lih_dissociation,RESULT,gto,lif,1.65000000,cc-pvqz,110,-107.35378885,True,21.24000000,,,,,,,,,
exp3_lih_dissociation,RESULT,gto,lif,1.70000000,cc-pvdz,28,-107.29927510,True,11.63000000,,,,,,,,,
exp3_lih_dissociation,RESULT,gto,lif,1.70000000,cc-pvtz,60,-107.34067446,True,18.17000000,,,,,,,,,
exp3_lih_dissociation,RESULT,gto,lif,1.70000000,cc-pvqz,110,-107.35160056,True,21.03000000,,,,,,,,,
exp3_lih_dissociation,RESULT,gto,lif,1.75000000,cc-pvdz,28,-107.29611554,True,11.73000000,,,,,,,,,
exp3_lih_dissociation,RESULT,gto,lif,1.75000000,cc-pvtz,60,-107.33788451,True,18.32000000,,,,,,,,,
exp3_lih_dissociation,RESULT,gto,lif,1.75000000,cc-pvqz,110,-107.34869815,True,21.05000000,,,,,,,,,
exp3_lih_dissociation,RESULT,splat,lif,1.50000000,,,-107.35503318,,126,cold,60,0,530,341,-107.35544635,0.41317135,,
exp3_lih_dissociation,RESULT,splat,lif,1.50000000,,,-107.35668000,,100,cold,60,1,208,208,-107.35712038,0.44038081,,
exp3_lih_dissociation,RESULT,splat,lif,1.50000000,,,-107.35561744,,101,cold,60,2,208,208,-107.35599049,0.37304575,,
exp3_lih_dissociation,RESULT,splat,lif,1.55000000,,,-107.35698280,,102,cold,60,0,208,208,-107.35711754,0.13474055,,
exp3_lih_dissociation,RESULT,splat,lif,1.55000000,,,-107.35787014,,101,cold,60,1,208,208,-107.35804752,0.17737712,,
exp3_lih_dissociation,RESULT,splat,lif,1.55000000,,,-107.35802401,,101,cold,60,2,208,208,-107.35823634,0.21232613,,
exp3_lih_dissociation,RESULT,splat,lif,1.60000000,,,-107.35662856,,101,cold,60,0,208,208,-107.35658764,-0.04092075,,
exp3_lih_dissociation,RESULT,splat,lif,1.60000000,,,-107.35568068,,101,cold,60,1,208,208,-107.35563534,-0.04533544,,
exp3_lih_dissociation,RESULT,splat,lif,1.60000000,,,-107.35834984,,101,cold,60,2,208,208,-107.35838278,0.03294276,,
exp3_lih_dissociation,RESULT,splat,lif,1.65000000,,,-107.35472855,,102,cold,60,0,208,208,-107.35468049,-0.04805283,,
exp3_lih_dissociation,RESULT,splat,lif,1.65000000,,,-107.35622106,,101,cold,60,1,208,208,-107.35615012,-0.07094796,,
exp3_lih_dissociation,RESULT,splat,lif,1.65000000,,,-107.35736008,,100,cold,60,2,208,208,-107.35730234,-0.05774322,,
exp3_lih_dissociation,RESULT,splat,lif,1.70000000,,,-107.35247695,,101,cold,60,0,208,208,-107.35243193,-0.04502391,,
exp3_lih_dissociation,RESULT,splat,lif,1.70000000,,,-107.35211491,,102,cold,60,1,208,208,-107.35204120,-0.07370582,,
exp3_lih_dissociation,RESULT,splat,lif,1.70000000,,,-107.35517861,,99,cold,60,2,208,208,-107.35510538,-0.07322910,,
exp3_lih_dissociation,RESULT,splat,lif,1.75000000,,,-107.34929700,,99,cold,60,0,208,208,-107.34931466,0.01766524,,
exp3_lih_dissociation,RESULT,splat,lif,1.75000000,,,-107.35121687,,99,cold,60,1,208,208,-107.35120974,-0.00713342,,
exp3_lih_dissociation,RESULT,splat,lif,1.75000000,,,-107.35156837,,99,cold,60,2,208,208,-107.35153488,-0.03348761,,
exp3_lih_dissociation,RESULT,splat,lif,1.20000000,,,-107.27904182,,128,warm,60,0,,,-107.27931890,0.27707895,12000,
exp3_lih_dissociation,RESULT,splat,lif,1.50000000,,,-107.36902461,,102,warm,60,0,,,-107.36966946,0.64485209,12000,
exp3_lih_dissociation,RESULT,splat,lif,1.80000000,,,-107.35134570,,102,warm,60,0,,,-107.35133318,-0.01251492,12000,
exp3_lih_dissociation,RESULT,splat,lif,2.20000000,,,-107.31896377,,102,warm,60,0,,,-107.31900359,0.03981643,12000,
exp3_lih_dissociation,RESULT,splat,lif,2.80000000,,,-107.27244808,,102,warm,60,0,,,-107.27246027,0.01218896,12000,
exp3_lih_dissociation,RESULT,splat,lif,3.50000000,,,-107.23597583,,103,warm,60,0,,,-107.23591335,-0.06248083,12000,
exp3_lih_dissociation,RESULT,splat,lif,4.50000000,,,-107.20755519,,102,warm,60,0,,,-107.20763789,0.08269817,12000,
exp3_lih_dissociation,RESULT,splat,lif,6.00000000,,,-107.18943316,,103,warm,60,0,,,-107.18966270,0.22953673,12000,
exp3_lih_dissociation,RESULT,splat,lih,1.00000000,,,-7.95267606,,89,warm,19,0,,,-7.95266822,-0.00784563,12000,
exp3_lih_dissociation,RESULT,splat,lih,1.30000000,,,-8.03154256,,64,warm,19,0,,,-8.03153846,-0.00409552,12000,
exp3_lih_dissociation,RESULT,splat,lih,1.60000000,,,-8.04712146,,64,warm,19,0,,,-8.04712235,0.00089501,12000,
exp3_lih_dissociation,RESULT,splat,lih,2.00000000,,,-8.03567559,,64,warm,19,0,,,-8.03567608,0.00048122,12000,
exp3_lih_dissociation,RESULT,splat,lih,2.50000000,,,-8.01012939,,64,warm,19,0,,,-8.01013076,0.00137674,12000,
exp3_lih_dissociation,RESULT,splat,lih,3.00000000,,,-7.98685780,,64,warm,19,0,,,-7.98685870,0.00089258,12000,
exp3_lih_dissociation,RESULT,splat,lih,3.50000000,,,-7.96907810,,64,warm,19,0,,,-7.96907520,-0.00290645,12000,
exp3_lih_dissociation,RESULT,splat,lih,4.00000000,,,-7.95649623,,65,warm,19,0,,,-7.95649495,-0.00127336,12000,
exp3_lih_dissociation,RESULT,splat,lih,4.50000000,,,-7.94776877,,65,warm,19,0,,,-7.94777021,0.00143366,12000,
exp3_lih_dissociation,RESULT,splat,lih,5.00000000,,,-7.94223207,,66,warm,19,0,,,-7.94223208,0.00001066,12000,
exp3_lih_dissociation,RESULT,splat,lih,6.00000000,,,-7.93550985,,65,warm,19,0,,,-7.93549981,-0.01004069,12000,
exp3_lih_dissociation,RESULT,splat,lih,1.00000000,,,-7.95576505,,105,warm,44,0,,,-7.95579828,0.03323173,12000,
exp3_lih_dissociation,RESULT,splat,lih,1.30000000,,,-8.03478145,,80,warm,44,0,,,-8.03469544,-0.08601079,12000,
exp3_lih_dissociation,RESULT,splat,lih,1.60000000,,,-8.05049353,,81,warm,44,0,,,-8.05031894,-0.17459043,12000,
exp3_lih_dissociation,RESULT,splat,lih,2.00000000,,,-8.03925921,,81,warm,44,0,,,-8.03916259,-0.09662240,12000,
exp3_lih_dissociation,RESULT,splat,lih,2.50000000,,,-8.01383945,,82,warm,44,0,,,-8.01379772,-0.04172689,12000,
exp3_lih_dissociation,RESULT,splat,lih,3.00000000,,,-7.99373742,,82,warm,44,0,,,-7.99375893,0.02151186,12000,
exp3_lih_dissociation,RESULT,splat,lih,3.50000000,,,-7.97611176,,81,warm,44,0,,,-7.97613933,0.02756603,12000,
exp3_lih_dissociation,RESULT,splat,lih,4.00000000,,,-7.98843928,,82,warm,44,0,,,-7.98900675,0.56746734,12000,
exp3_lih_dissociation,RESULT,splat,lih,4.50000000,,,-7.95672123,,81,warm,44,0,,,-7.95680659,0.08535215,12000,
exp3_lih_dissociation,RESULT,splat,lih,5.00000000,,,-7.95116775,,82,warm,44,0,,,-7.95126854,0.10078947,12000,
exp3_lih_dissociation,RESULT,splat,lih,6.00000000,,,-7.94443289,,82,warm,44,0,,,-7.94454330,0.11041006,12000,
exp3_lih_dissociation,RESULT,splat,lih,1.00000000,,,-7.95976776,,262,warm,85,0,,,-7.95982835,0.06058945,12000,
exp3_lih_dissociation,RESULT,splat,lih,1.30000000,,,-8.06753881,,235,warm,85,0,,,-8.06779872,0.25991085,12000,
exp3_lih_dissociation,RESULT,splat,lih,1.60000000,,,-8.08627148,,235,warm,85,0,,,-8.08607076,-0.20072640,12000,
exp3_lih_dissociation,RESULT,splat,lih,2.00000000,,,-8.07349679,,235,warm,85,0,,,-8.07314167,-0.35511350,12000,
exp3_lih_dissociation,RESULT,splat,lih,2.50000000,,,-8.02411773,,235,warm,85,0,,,-8.02219401,-1.92372205,12000,
exp3_lih_dissociation,RESULT,splat,lih,3.00000000,,,-8.00079734,,235,warm,85,0,,,-7.99946536,-1.33197340,12000,
exp3_lih_dissociation,RESULT,splat,lih,3.50000000,,,-7.98347118,,236,warm,85,0,,,-7.98293183,-0.53934963,12000,
exp3_lih_dissociation,RESULT,splat,lih,4.00000000,,,-7.97121202,,236,warm,85,0,,,-7.97068409,-0.52793037,12000,
exp3_lih_dissociation,RESULT,splat,lih,4.50000000,,,-7.96428611,,236,warm,85,0,,,-7.96272018,-1.56593237,12000,
exp3_lih_dissociation,RESULT,splat,lih,5.00000000,,,-7.95659706,,236,warm,85,0,,,-7.95620484,-0.39222148,12000,
exp3_lih_dissociation,RESULT,splat,lih,6.00000000,,,-7.95070847,,234,warm,85,0,,,-7.94993871,-0.76975883,12000,
exp3_lih_dissociation,RESULT,splat,lih,1.00000000,,,-7.95107316,,31,,19,0,88,,,,,
exp3_lih_dissociation,RESULT,splat,lih,1.00000000,,,-7.95301550,,42,,38,0,158,,,,,
exp3_lih_dissociation,RESULT,splat,lih,1.00000000,,,-7.95326282,,39,,57,0,198,,,,,
exp3_lih_dissociation,RESULT,splat,lih,1.00000000,,,-7.95330792,,48,,76,0,285,,,,,
exp3_lih_dissociation,RESULT,splat,lih,1.00000000,,,-7.95337423,,53,,95,0,361,,,,,
exp3_lih_dissociation,RESULT,splat,lih,1.30000000,,,-8.03120816,,30,,19,0,88,,,,,
exp3_lih_dissociation,RESULT,splat,lih,1.30000000,,,-8.03160157,,42,,38,0,158,,,,,
exp3_lih_dissociation,RESULT,splat,lih,1.30000000,,,-8.03156893,,39,,57,0,198,,,,,
exp3_lih_dissociation,RESULT,splat,lih,1.30000000,,,-8.03165856,,47,,76,0,285,,,,,
exp3_lih_dissociation,RESULT,splat,lih,1.30000000,,,-8.03177952,,53,,95,0,361,,,,,
exp3_lih_dissociation,RESULT,splat,lih,1.60000000,,,-8.04634072,,30,,19,0,88,,,,,
exp3_lih_dissociation,RESULT,splat,lih,1.60000000,,,-8.04697159,,41,,38,0,158,,,,,
exp3_lih_dissociation,RESULT,splat,lih,1.60000000,,,-8.04695795,,39,,57,0,198,,,,,
exp3_lih_dissociation,RESULT,splat,lih,1.60000000,,,-8.04703573,,48,,76,0,285,,,,,
exp3_lih_dissociation,RESULT,splat,lih,1.60000000,,,-8.04716909,,52,,95,0,361,,,,,
exp3_lih_dissociation,RESULT,splat,lih,2.00000000,,,-8.03508073,,29,,19,0,88,,,,,
exp3_lih_dissociation,RESULT,splat,lih,2.00000000,,,-8.03533315,,42,,38,0,158,,,,,
exp3_lih_dissociation,RESULT,splat,lih,2.00000000,,,-8.03549072,,38,,57,0,198,,,,,
exp3_lih_dissociation,RESULT,splat,lih,2.00000000,,,-8.03558284,,47,,76,0,285,,,,,
exp3_lih_dissociation,RESULT,splat,lih,2.00000000,,,-8.03567884,,52,,95,0,361,,,,,
exp3_lih_dissociation,RESULT,splat,lih,2.50000000,,,-8.00969471,,30,,19,0,87,,,,,
exp3_lih_dissociation,RESULT,splat,lih,2.50000000,,,-8.00987371,,43,,38,0,158,,,,,
exp3_lih_dissociation,RESULT,splat,lih,2.50000000,,,-8.01000797,,38,,57,0,198,,,,,
exp3_lih_dissociation,RESULT,splat,lih,2.50000000,,,-8.01006851,,49,,76,0,285,,,,,
exp3_lih_dissociation,RESULT,splat,lih,2.50000000,,,-8.01016943,,52,,95,0,361,,,,,
exp3_lih_dissociation,RESULT,splat,lih,3.00000000,,,-7.98638857,,30,,19,0,88,,,,,
exp3_lih_dissociation,RESULT,splat,lih,3.00000000,,,-7.98659117,,42,,38,0,158,,,,,
exp3_lih_dissociation,RESULT,splat,lih,3.00000000,,,-7.98686145,,39,,57,0,198,,,,,
exp3_lih_dissociation,RESULT,splat,lih,3.00000000,,,-7.98693353,,48,,76,0,285,,,,,
exp3_lih_dissociation,RESULT,splat,lih,3.00000000,,,-7.98689036,,52,,95,0,361,,,,,
exp3_lih_dissociation,RESULT,splat,lih,3.50000000,,,-7.96877888,,30,,19,0,88,,,,,
exp3_lih_dissociation,RESULT,splat,lih,3.50000000,,,-7.96900437,,43,,38,0,158,,,,,
exp3_lih_dissociation,RESULT,splat,lih,3.50000000,,,-7.96916522,,39,,57,0,198,,,,,
exp3_lih_dissociation,RESULT,splat,lih,3.50000000,,,-7.96907872,,48,,76,0,285,,,,,
exp3_lih_dissociation,RESULT,splat,lih,3.50000000,,,-7.96927381,,52,,95,0,361,,,,,
exp3_lih_dissociation,RESULT,splat,lih,4.00000000,,,-7.95617090,,30,,19,0,88,,,,,
exp3_lih_dissociation,RESULT,splat,lih,4.00000000,,,-7.93184816,,43,,38,0,158,,,,,
exp3_lih_dissociation,RESULT,splat,lih,4.00000000,,,-7.95643861,,39,,57,0,198,,,,,
exp3_lih_dissociation,RESULT,splat,lih,4.00000000,,,-7.95636771,,48,,76,0,285,,,,,
exp3_lih_dissociation,RESULT,splat,lih,4.00000000,,,-7.93223027,,52,,95,0,361,,,,,
exp3_lih_dissociation,RESULT,splat,lih,4.50000000,,,-7.94701022,,30,,19,0,88,,,,,
exp3_lih_dissociation,RESULT,splat,lih,4.50000000,,,-7.92980176,,42,,38,0,158,,,,,
exp3_lih_dissociation,RESULT,splat,lih,4.50000000,,,-7.94763979,,39,,57,0,198,,,,,
exp3_lih_dissociation,RESULT,splat,lih,4.50000000,,,-7.94766910,,48,,76,0,285,,,,,
exp3_lih_dissociation,RESULT,splat,lih,4.50000000,,,-7.93017862,,52,,95,0,361,,,,,
exp3_lih_dissociation,RESULT,splat,lih,5.00000000,,,-7.94081076,,30,,19,0,88,,,,,
exp3_lih_dissociation,RESULT,splat,lih,5.00000000,,,-7.92993854,,43,,38,0,158,,,,,
exp3_lih_dissociation,RESULT,splat,lih,5.00000000,,,-7.94171443,,39,,57,0,198,,,,,
exp3_lih_dissociation,RESULT,splat,lih,5.00000000,,,-7.94183996,,48,,76,0,285,,,,,
exp3_lih_dissociation,RESULT,splat,lih,5.00000000,,,-7.93000700,,52,,95,0,361,,,,,
exp3_lih_dissociation,RESULT,splat,lih,6.00000000,,,-7.93406506,,30,,19,0,88,,,,,
exp3_lih_dissociation,RESULT,splat,lih,6.00000000,,,-7.93004841,,43,,38,0,158,,,,,
exp3_lih_dissociation,RESULT,splat,lih,6.00000000,,,-7.93502049,,39,,57,0,198,,,,,
exp3_lih_dissociation,RESULT,splat,lih,6.00000000,,,-7.93487983,,48,,76,0,285,,,,,
exp3_lih_dissociation,RESULT,splat,lih,6.00000000,,,-7.93033237,,53,,95,0,361,,,,,
exp3_lih_dissociation,RESULT,splat_warm,,1.000,,,-7.9533384479,,112,,44,,,,-7.9533378851,-0.00,4000,lih
exp3_lih_dissociation,RESULT,splat_warm,,1.300,,,-8.0318209278,,51,,44,,,,-8.0318059963,-0.01,2000,lih
exp3_lih_dissociation,RESULT,splat_warm,,1.600,,,-8.0481938395,,49,,44,,,,-8.0467868702,-1.41,2000,lih
exp3_lih_dissociation,RESULT,splat_warm,,2.000,,,-8.0358834224,,51,,44,,,,-8.0357980458,-0.09,2000,lih
exp3_lih_dissociation,RESULT,splat_warm,,2.500,,,-8.0103727019,,51,,44,,,,-8.0103213588,-0.05,2000,lih
exp3_lih_dissociation,RESULT,splat_warm,,3.000,,,-7.9875889004,,50,,44,,,,-7.9869266683,-0.66,2000,lih
exp3_lih_dissociation,RESULT,splat_warm,,3.500,,,-7.9695606579,,50,,44,,,,-7.9695177823,-0.04,2000,lih
exp3_lih_dissociation,RESULT,splat_warm,,4.000,,,-7.9572361418,,50,,44,,,,-7.9571741415,-0.06,2000,lih
exp3_lih_dissociation,RESULT,splat_warm,,4.500,,,-7.9497691288,,50,,44,,,,-7.9496245374,-0.14,2000,lih
exp3_lih_dissociation,RESULT,splat_warm,,5.000,,,-7.9451033757,,50,,44,,,,-7.9451083112,+0.00,2000,lih
exp3_lih_dissociation,RESULT,splat_warm,,6.000,,,-7.9387185521,,50,,44,,,,-7.9387426618,+0.02,2000,lih
exp3_lih_dissociation,RESULT,splat_warm,,1.000,,,-7.9534168391,,143,,85,,,,-7.9534157755,-0.00,4000,lih
exp3_lih_dissociation,RESULT,splat_warm,,1.300,,,-8.0414245857,,61,,85,,,,-8.0415383313,+0.11,2000,lih
exp3_lih_dissociation,RESULT,splat_warm,,1.600,,,-8.0505138592,,60,,85,,,,-8.0505889110,+0.08,2000,lih
exp3_lih_dissociation,RESULT,splat_warm,,2.000,,,-8.0394406352,,60,,85,,,,-8.0395352109,+0.09,2000,lih
exp3_lih_dissociation,RESULT,splat_warm,,2.500,,,-8.0184359037,,59,,85,,,,-8.0185275169,+0.09,2000,lih
exp3_lih_dissociation,RESULT,splat_warm,,3.000,,,-8.0003085134,,60,,85,,,,-8.0007043510,+0.40,2000,lih
exp3_lih_dissociation,RESULT,splat_warm,,3.500,,,-7.9753684302,,62,,85,,,,-7.9754165506,+0.05,2000,lih
exp3_lih_dissociation,RESULT,splat_warm,,4.000,,,-7.9633794004,,60,,85,,,,-7.9628823159,-0.50,2000,lih
exp3_lih_dissociation,RESULT,splat_warm,,4.500,,,-7.9556712097,,60,,85,,,,-7.9556816696,+0.01,2000,lih
exp3_lih_dissociation,RESULT,splat_warm,,5.000,,,-7.9510878288,,61,,85,,,,-7.9510469865,-0.04,2000,lih
exp3_lih_dissociation,RESULT,splat_warm,,6.000,,,-7.9445481085,,60,,85,,,,-7.9444006253,-0.15,2000,lih
exp3_lih_dissociation,RESULT,splat_warm,,1.000,,,-7.9533384479,,112,,44,,,,-7.9533378851,-0.00,4000,lih
exp3_lih_dissociation,RESULT,splat_warm,,1.300,,,-8.0318209278,,51,,44,,,,-8.0318059963,-0.01,2000,lih
exp3_lih_dissociation,RESULT,splat_warm,,1.600,,,-8.0481938395,,49,,44,,,,-8.0467868702,-1.41,2000,lih
exp3_lih_dissociation,RESULT,splat_warm,,2.000,,,-8.0358834224,,51,,44,,,,-8.0357980458,-0.09,2000,lih
exp3_lih_dissociation,RESULT,splat_warm,,2.500,,,-8.0103727019,,51,,44,,,,-8.0103213588,-0.05,2000,lih
exp3_lih_dissociation,RESULT,splat_warm,,3.000,,,-7.9875889004,,50,,44,,,,-7.9869266683,-0.66,2000,lih
exp3_lih_dissociation,RESULT,splat_warm,,3.500,,,-7.9695606579,,50,,44,,,,-7.9695177823,-0.04,2000,lih
exp3_lih_dissociation,RESULT,splat_warm,,4.000,,,-7.9572361418,,50,,44,,,,-7.9571741415,-0.06,2000,lih
exp3_lih_dissociation,RESULT,splat_warm,,4.500,,,-7.9497691288,,50,,44,,,,-7.9496245374,-0.14,2000,lih
exp3_lih_dissociation,RESULT,splat_warm,,5.000,,,-7.9451033757,,50,,44,,,,-7.9451083112,+0.00,2000,lih
exp3_lih_dissociation,RESULT,splat_warm,,6.000,,,-7.9387185521,,50,,44,,,,-7.9387426618,+0.02,2000,lih
exp3_lih_dissociation,RESULT,splat_warm,,1.000,,,-7.9534168391,,143,,85,,,,-7.9534157755,-0.00,4000,lih
exp3_lih_dissociation,RESULT,splat_warm,,1.300,,,-8.0414245857,,61,,85,,,,-8.0415383313,+0.11,2000,lih
exp3_lih_dissociation,RESULT,splat_warm,,1.600,,,-8.0505138592,,60,,85,,,,-8.0505889110,+0.08,2000,lih
exp3_lih_dissociation,RESULT,splat_warm,,2.000,,,-8.0394406352,,60,,85,,,,-8.0395352109,+0.09,2000,lih
exp3_lih_dissociation,RESULT,splat_warm,,2.500,,,-8.0184359037,,59,,85,,,,-8.0185275169,+0.09,2000,lih
exp3_lih_dissociation,RESULT,splat_warm,,3.000,,,-8.0003085134,,60,,85,,,,-8.0007043510,+0.40,2000,lih
exp3_lih_dissociation,RESULT,splat_warm,,3.500,,,-7.9753684302,,62,,85,,,,-7.9754165506,+0.05,2000,lih
exp3_lih_dissociation,RESULT,splat_warm,,4.000,,,-7.9633794004,,60,,85,,,,-7.9628823159,-0.50,2000,lih
exp3_lih_dissociation,RESULT,splat_warm,,4.500,,,-7.9556712097,,60,,85,,,,-7.9556816696,+0.01,2000,lih
exp3_lih_dissociation,RESULT,splat_warm,,5.000,,,-7.9510878288,,61,,85,,,,-7.9510469865,-0.04,2000,lih
exp3_lih_dissociation,RESULT,splat_warm,,6.000,,,-7.9445481085,,60,,85,,,,-7.9444006253,-0.15,2000,lih
exp3_lih_dissociation,RESULT,splat_warm,,1.200,,,-107.2338369518,,166,,60,,,,-107.2339097382,+0.07,4000,lif
exp3_lih_dissociation,RESULT,splat_warm,,1.500,,,-107.3315967706,,91,,60,,,,-107.3316082065,+0.01,2000,lif
exp3_lih_dissociation,RESULT,splat_warm,,1.800,,,-107.3318285286,,85,,60,,,,-107.3318497611,+0.02,2000,lif
exp3_lih_dissociation,RESULT,splat_warm,,2.200,,,-107.3087747229,,81,,60,,,,-107.3089400895,+0.17,2000,lif
exp3_lih_dissociation,RESULT,splat_warm,,2.800,,,-107.2639215756,,85,,60,,,,-107.2639250364,+0.00,2000,lif
exp3_lih_dissociation,RESULT,splat_warm,,3.500,,,-107.2299508913,,125,,60,,,,-107.2299353781,-0.02,2000,lif
exp3_lih_dissociation,RESULT,splat_warm,,4.500,,,-107.2033302956,,86,,60,,,,-107.2033262584,-0.00,2000,lif
exp3_lih_dissociation,RESULT,splat_warm,,6.000,,,-107.1860602617,,73,,60,,,,-107.1860556033,-0.00,2000,lif
exp3_lih_dissociation,RESULT,splat_warm,,1.200,,,-107.2603603398,,141,,110,,,,-107.2604035130,+0.04,4000,lif
exp3_lih_dissociation,RESULT,splat_warm,,1.500,,,-107.3653613349,,72,,110,,,,-107.3569093533,-8.45,2000,lif
exp3_lih_dissociation,RESULT,splat_warm,,1.800,,,-107.3700809857,,70,,110,,,,-107.3703583548,+0.28,2000,lif
exp3_lih_dissociation,RESULT,splat_warm,,2.200,,,-107.3201786858,,63,,110,,,,-107.3199195082,-0.26,2000,lif
exp3_lih_dissociation,RESULT,splat_warm,,2.800,,,-107.2712795030,,62,,110,,,,-107.2712447287,-0.03,2000,lif
exp3_lih_dissociation,RESULT,splat_warm,,3.500,,,-107.2365598473,,62,,110,,,,-107.2354887194,-1.07,2000,lif
exp3_lih_dissociation,RESULT,splat_warm,,4.500,,,-107.2097117903,,62,,110,,,,-107.2096774795,-0.03,2000,lif
exp3_lih_dissociation,RESULT,splat_warm,,6.000,,,-107.1931264570,,63,,110,,,,-107.1931005234,-0.03,2000,lif
exp3_lih_dissociation,RESULT,splat,lih,1.00000000,,,-7.95110382,,69,warm,19,0,,,-7.95109512,-0.00869808,4000,
exp3_lih_dissociation,RESULT,splat,lih,1.30000000,,,-8.03113815,,23,warm,19,0,,,-8.03113484,-0.00331269,2000,
exp3_lih_dissociation,RESULT,splat,lih,1.60000000,,,-8.04671432,,12,warm,19,0,,,-8.04671552,0.00119446,2000,
exp3_lih_dissociation,RESULT,splat,lih,2.00000000,,,-8.03536974,,12,warm,19,0,,,-8.03536932,-0.00042038,2000,
exp3_lih_dissociation,RESULT,splat,lih,2.50000000,,,-8.00992558,,13,warm,19,0,,,-8.00992488,-0.00070249,2000,
exp3_lih_dissociation,RESULT,splat,lih,3.00000000,,,-7.98679795,,13,warm,19,0,,,-7.98679915,0.00119358,2000,
exp3_lih_dissociation,RESULT,splat,lih,3.50000000,,,-7.96917842,,12,warm,19,0,,,-7.96917878,0.00035564,2000,
exp3_lih_dissociation,RESULT,splat,lih,4.00000000,,,-7.95653750,,12,warm,19,0,,,-7.95653604,-0.00145922,2000,
exp3_lih_dissociation,RESULT,splat,lih,4.50000000,,,-7.94774485,,13,warm,19,0,,,-7.94774362,-0.00122698,2000,
exp3_lih_dissociation,RESULT,splat,lih,5.00000000,,,-7.94175642,,13,warm,19,0,,,-7.94175249,-0.00393000,2000,
exp3_lih_dissociation,RESULT,splat,lih,6.00000000,,,-7.93501330,,13,warm,19,0,,,-7.93500013,-0.01317245,2000,
exp3_lih_dissociation,RESULT,splat,lih,1.00000000,,,-7.95322337,,82,warm,38,0,,,-7.95321434,-0.00903179,4000,
exp3_lih_dissociation,RESULT,splat,lih,1.30000000,,,-8.03181250,,33,warm,38,0,,,-8.03180997,-0.00253175,2000,
exp3_lih_dissociation,RESULT,splat,lih,1.60000000,,,-8.04726993,,19,warm,38,0,,,-8.04717820,-0.09172800,2000,
exp3_lih_dissociation,RESULT,splat,lih,2.00000000,,,-8.03582139,,18,warm,38,0,,,-8.03568321,-0.13817751,2000,
exp3_lih_dissociation,RESULT,splat,lih,2.50000000,,,-8.01027616,,19,warm,38,0,,,-8.01019524,-0.08091859,2000,
exp3_lih_dissociation,RESULT,splat,lih,3.00000000,,,-7.98717029,,18,warm,38,0,,,-7.98709344,-0.07684395,2000,
exp3_lih_dissociation,RESULT,splat,lih,3.50000000,,,-7.96949761,,19,warm,38,0,,,-7.96943262,-0.06498661,2000,
exp3_lih_dissociation,RESULT,splat,lih,4.00000000,,,-7.95684660,,19,warm,38,0,,,-7.95678792,-0.05867855,2000,
exp3_lih_dissociation,RESULT,splat,lih,4.50000000,,,-7.94806370,,18,warm,38,0,,,-7.94801326,-0.05043712,2000,
exp3_lih_dissociation,RESULT,splat,lih,5.00000000,,,-7.94208252,,19,warm,38,0,,,-7.94203537,-0.04715287,2000,
exp3_lih_dissociation,RESULT,splat,lih,6.00000000,,,-7.93531740,,19,warm,38,0,,,-7.93529130,-0.02610631,2000,
exp3_lih_dissociation,RESULT,splat,lih,1.00000000,,,-7.95325979,,88,warm,57,0,,,-7.95325400,-0.00579035,4000,
exp3_lih_dissociation,RESULT,splat,lih,1.30000000,,,-8.03253174,,27,warm,57,0,,,-8.03139037,-1.14137022,2000,
exp3_lih_dissociation,RESULT,splat,lih,1.60000000,,,-8.04739813,,17,warm,57,0,,,-8.04739889,0.00075803,2000,
exp3_lih_dissociation,RESULT,splat,lih,2.00000000,,,-8.03593115,,17,warm,57,0,,,-8.03593102,-0.00013507,2000,
exp3_lih_dissociation,RESULT,splat,lih,2.50000000,,,-8.01090230,,17,warm,57,0,,,-8.01090183,-0.00046966,2000,
exp3_lih_dissociation,RESULT,splat,lih,3.00000000,,,-7.98781178,,17,warm,57,0,,,-7.98781748,0.00569204,2000,
exp3_lih_dissociation,RESULT,splat,lih,3.50000000,,,-7.97039432,,17,warm,57,0,,,-7.97018104,-0.21327361,2000,
exp3_lih_dissociation,RESULT,splat,lih,4.00000000,,,-7.95778279,,17,warm,57,0,,,-7.95761094,-0.17185316,2000,
exp3_lih_dissociation,RESULT,splat,lih,4.50000000,,,-7.95023185,,17,warm,57,0,,,-7.95014009,-0.09176122,2000,
exp3_lih_dissociation,RESULT,splat,lih,5.00000000,,,-7.94439784,,18,warm,57,0,,,-7.94429005,-0.10779236,2000,
exp3_lih_dissociation,RESULT,splat,lih,6.00000000,,,-7.93766351,,17,warm,57,0,,,-7.93755310,-0.11040523,2000,
exp3_lih_dissociation,RESULT,splat,lih,1.00000000,,,-7.95329708,,92,warm,76,0,,,-7.95329241,-0.00466267,4000,
exp3_lih_dissociation,RESULT,splat,lih,1.30000000,,,-8.03431470,,33,warm,76,0,,,-8.03424476,-0.06993703,2000,
exp3_lih_dissociation,RESULT,splat,lih,1.60000000,,,-8.04894524,,22,warm,76,0,,,-8.04889685,-0.04839196,2000,
exp3_lih_dissociation,RESULT,splat,lih,2.00000000,,,-8.03968589,,22,warm,76,0,,,-8.03968577,-0.00011905,2000,
exp3_lih_dissociation,RESULT,splat,lih,2.50000000,,,-8.01495279,,22,warm,76,0,,,-8.01481242,-0.14036312,2000,
exp3_lih_dissociation,RESULT,splat,lih,3.00000000,,,-7.99477190,,22,warm,76,0,,,-7.99448305,-0.28884769,2000,
exp3_lih_dissociation,RESULT,splat,lih,3.50000000,,,-7.97601022,,22,warm,76,0,,,-7.97585065,-0.15956557,2000,
exp3_lih_dissociation,RESULT,splat,lih,4.00000000,,,-7.96917842,,21,warm,76,0,,,-7.96873895,-0.43946526,2000,
exp3_lih_dissociation,RESULT,splat,lih,4.50000000,,,-7.95776919,,22,warm,76,0,,,-7.95746073,-0.30846053,2000,
exp3_lih_dissociation,RESULT,splat,lih,5.00000000,,,-7.95061191,,22,warm,76,0,,,-7.95033024,-0.28166621,2000,
exp3_lih_dissociation,RESULT,splat,lih,6.00000000,,,-7.94276377,,22,warm,76,0,,,-7.94261846,-0.14530639,2000,
exp3_lih_dissociation,RESULT,splat,lih,1.00000000,,,-7.95337438,,97,warm,95,0,,,-7.95340010,0.02571265,4000,
exp3_lih_dissociation,RESULT,splat,lih,1.30000000,,,-8.03643585,,35,warm,95,0,,,-8.03443811,-1.99773745,2000,
exp3_lih_dissociation,RESULT,splat,lih,1.60000000,,,-8.06245294,,24,warm,95,0,,,-8.06229395,-0.15898950,2000,
exp3_lih_dissociation,RESULT,splat,lih,2.00000000,,,-8.05685620,,24,warm,95,0,,,-8.05674861,-0.10758817,2000,
exp3_lih_dissociation,RESULT,splat,lih,2.50000000,,,-8.02201676,,25,warm,95,0,,,-8.02163512,-0.38163827,2000,
exp3_lih_dissociation,RESULT,splat,lih,3.00000000,,,-7.99547161,,24,warm,95,0,,,-7.99490037,-0.57123419,2000,
exp3_lih_dissociation,RESULT,splat,lih,3.50000000,,,-7.97542704,,24,warm,95,0,,,-7.97468621,-0.74083169,2000,
exp3_lih_dissociation,RESULT,splat,lih,4.00000000,,,-7.96530956,,25,warm,95,0,,,-7.96396847,-1.34109451,2000,
exp3_lih_dissociation,RESULT,splat,lih,4.50000000,,,-7.95808239,,24,warm,95,0,,,-7.95759560,-0.48678563,2000,
exp3_lih_dissociation,RESULT,splat,lih,5.00000000,,,-7.95259935,,24,warm,95,0,,,-7.95210889,-0.49046021,2000,
exp3_lih_dissociation,RESULT,splat,lih,6.00000000,,,-7.94331107,,24,warm,95,0,,,-7.94275948,-0.55158915,2000,
